uid,analyte,analyteUnits,sampleType,qaReferenceID,analyteKnownValue,analyteObservedValue,analyteAbsoluteError,analyteAccuracy,analyteStandardDeviation,analyteMetricsCount,qaReportingStartDate,qaReportingEndDate,laboratoryName,instrument,testMethod,method,dataQF
"6e487b5e-400c-4cac-9a83-96f9a3ac558c","nitrogenPercent","percent","soil","UWSIF-46-Soil3",0.13,0.13,0.002,0.002,0.004,131,"2023-01-01","2023-12-31","University of Wyoming Stable Isotope Facility","Costech 4010 Elemental Analyzer coupled to a Thermo Delta Plus XP IRMS","010 (combustion/reduction organics)","Schepers et al. (1989) Simultaneous determination of total C, total N, and 15N on soil and plant material. Communications in Soil Science and Plant Analysis 20(9-10), 949-959.",
"c9b6c67c-858e-4199-89d6-d7e7cbbcd0d6","carbonPercent","percent","vegetation","UWSIF-47-Alfalfa",43.91,43.97,0.510,0.060,0.700,351,"2023-01-01","2023-12-31","University of Wyoming Stable Isotope Facility","Costech 4010 Elemental Analyzer coupled to a Thermo Delta Plus XP IRMS","010 (combustion/reduction organics)","Schepers et al. (1989) Simultaneous determination of total C, total N, and 15N on soil and plant material. Communications in Soil Science and Plant Analysis 20(9-10), 949-959.",
"ac6ea491-ebed-4d56-8436-dd2bbf913c1c","nitrogenPercent","percent","vegetation","UWSIF-47-Alfalfa",2.76,2.75,0.040,-0.010,0.050,351,"2023-01-01","2023-12-31","University of Wyoming Stable Isotope Facility","Costech 4010 Elemental Analyzer coupled to a Thermo Delta Plus XP IRMS","010 (combustion/reduction organics)","Schepers et al. (1989) Simultaneous determination of total C, total N, and 15N on soil and plant material. Communications in Soil Science and Plant Analysis 20(9-10), 949-959.",
"411d3000-6823-47fe-a353-d9c3762acd81","carbonPercent","percent","soil","UWSIF-46-Soil3",1.13,1.14,0.040,0.010,0.060,183,"2023-01-01","2023-12-31","University of Wyoming Stable Isotope Facility","Costech 4010 Elemental Analyzer coupled to a Thermo Delta Plus XP IRMS","010 (combustion/reduction organics)","Schepers et al. (1989) Simultaneous determination of total C, total N, and 15N on soil and plant material. Communications in Soil Science and Plant Analysis 20(9-10), 949-959.",
"aa0c18f0-2df0-488c-be35-5bc9cb991510","d15N","permill","soil","UWSIF-46-Soil3",6.12,6.12,0.180,0.001,0.250,131,"2023-01-01","2023-12-31","University of Wyoming Stable Isotope Facility","Costech 4010 Elemental Analyzer coupled to a Thermo Delta Plus XP IRMS","010 (combustion/reduction organics)","Schepers et al. (1989) Simultaneous determination of total C, total N, and 15N on soil and plant material. Communications in Soil Science and Plant Analysis 20(9-10), 949-959.",
"47bb4c1d-c846-4d46-957c-8ce178191b22","d13C","permill","vegetation","UWSIF-47-Alfalfa",-28.49,-28.50,0.110,-0.010,0.140,354,"2023-01-01","2023-12-31","University of Wyoming Stable Isotope Facility","Costech 4010 Elemental Analyzer coupled to a Thermo Delta Plus XP IRMS","010 (combustion/reduction organics)","Schepers et al. (1989) Simultaneous determination of total C, total N, and 15N on soil and plant material. Communications in Soil Science and Plant Analysis 20(9-10), 949-959.",
"426430f7-6d42-4a50-9466-54f94a2d0622","d13C","permill","soil","UWSIF-46-Soil3",-23.53,-23.48,0.160,0.050,0.240,215,"2023-01-01","2023-12-31","University of Wyoming Stable Isotope Facility","Costech 4010 Elemental Analyzer coupled to a Thermo Delta Plus XP IRMS","010 (combustion/reduction organics)","Schepers et al. (1989) Simultaneous determination of total C, total N, and 15N on soil and plant material. Communications in Soil Science and Plant Analysis 20(9-10), 949-959.",
"259e4ce5-994f-47db-8371-bdd5846673be","d15N","permill","vegetation","UWSIF-47-Alfalfa",-0.32,-0.23,0.100,0.090,0.090,354,"2023-01-01","2023-12-31","University of Wyoming Stable Isotope Facility","Costech 4010 Elemental Analyzer coupled to a Thermo Delta Plus XP IRMS","010 (combustion/reduction organics)","Schepers et al. (1989) Simultaneous determination of total C, total N, and 15N on soil and plant material. Communications in Soil Science and Plant Analysis 20(9-10), 949-959.",
"d6604b9c-5c7a-4c21-9d1e-a147c5ab8f5b","d13C","permill","soil","UWSIF-45-Soil2",-26.90,-26.73,0.190,0.170,0.160,387,"2017-01-01","2017-09-24","University of Wyoming Stable Isotope Facility","Costech 4010 Elemental Analyzer coupled to a Thermo Delta Plus XP IRMS","010 (combustion/reduction organics)","Schepers et al. (1989) Simultaneous determination of total C, total N, and 15N on soil and plant material. Communications in Soil Science and Plant Analysis 20(9-10), 949-959.",
"f02ff798-90f7-4344-89ff-549367287873","d13C","permill","vegetation","UWSIF-05-Alfalfa",-27.48,-27.51,0.090,-0.030,0.110,392,"2021-01-01","2021-12-31","University of Wyoming Stable Isotope Facility","Costech 4010 Elemental Analyzer coupled to a Thermo Delta Plus XP IRMS","010 (combustion/reduction organics)","Schepers et al. (1989) Simultaneous determination of total C, total N, and 15N on soil and plant material. Communications in Soil Science and Plant Analysis 20(9-10), 949-959.",
"52fa29f8-2d12-414e-bc07-18f51adf2bcb","carbonPercent","percent","vegetation","UWSIF-47-Alfalfa",43.91,43.36,0.600,-0.550,0.480,471,"2022-02-12","2022-12-31","University of Wyoming Stable Isotope Facility","Costech 4010 Elemental Analyzer coupled to a Thermo Delta Plus XP IRMS","010 (combustion/reduction organics)","Schepers et al. (1989) Simultaneous determination of total C, total N, and 15N on soil and plant material. Communications in Soil Science and Plant Analysis 20(9-10), 949-959.",
"e08191c4-c0df-436f-bf2f-360f372a7eef","d15N","permill","vegetation","UWSIF-05-Alfalfa",0.19,0.10,0.130,-0.080,0.200,421,"2020-01-01","2020-09-14","University of Wyoming Stable Isotope Facility","Costech 4010 Elemental Analyzer coupled to a Thermo Delta Plus XP IRMS","010 (combustion/reduction organics)","Schepers et al. (1989) Simultaneous determination of total C, total N, and 15N on soil and plant material. Communications in Soil Science and Plant Analysis 20(9-10), 949-959.",
"abdd0964-f735-4856-b2dc-d4fdb2c487e3","carbonPercent","percent","vegetation","UWSIF-05-Alfalfa",42.61,43.09,0.710,0.540,0.670,689,"2019-01-01","2019-12-31","University of Wyoming Stable Isotope Facility","Costech 4010 Elemental Analyzer coupled to a Thermo Delta Plus XP IRMS","010 (combustion/reduction organics)","Schepers et al. (1989) Simultaneous determination of total C, total N, and 15N on soil and plant material. Communications in Soil Science and Plant Analysis 20(9-10), 949-959.",
"d8fab010-cab5-42c6-bd62-d0ac84d0f9d5","d13C","permill","vegetation","UWSIF-05-Alfalfa",-27.48,-27.50,0.130,-0.070,0.100,536,"2015-01-01","2015-12-31","University of Wyoming Stable Isotope Facility","Costech 4010 Elemental Analyzer coupled to a Thermo Delta Plus XP IRMS","010 (combustion/reduction organics)","Schepers et al. (1989) Simultaneous determination of total C, total N, and 15N on soil and plant material. Communications in Soil Science and Plant Analysis 20(9-10), 949-959.",
"c60579b1-9cd4-4402-8dee-f9fc068923c2","nitrogenPercent","percent","vegetation","UWSIF-05-Alfalfa",3.25,3.24,0.050,-0.003,0.070,413,"2020-01-01","2020-09-14","University of Wyoming Stable Isotope Facility","Costech 4010 Elemental Analyzer coupled to a Thermo Delta Plus XP IRMS","010 (combustion/reduction organics)","Schepers et al. (1989) Simultaneous determination of total C, total N, and 15N on soil and plant material. Communications in Soil Science and Plant Analysis 20(9-10), 949-959.",
"f9797830-e748-458e-b7b8-ba98796bacb9","d15N","permill","soil","UWSIF-45-Soil2",7.17,6.95,0.260,-0.250,0.150,387,"2017-01-01","2017-09-24","University of Wyoming Stable Isotope Facility","Costech 4010 Elemental Analyzer coupled to a Thermo Delta Plus XP IRMS","010 (combustion/reduction organics)","Schepers et al. (1989) Simultaneous determination of total C, total N, and 15N on soil and plant material. Communications in Soil Science and Plant Analysis 20(9-10), 949-959.",
"ab3701f4-4d00-4371-9c48-728716409d91","nitrogenPercent","percent","vegetation","UWSIF-05-Alfalfa",3.25,3.29,0.060,0.040,0.070,381,"2021-01-01","2021-12-31","University of Wyoming Stable Isotope Facility","Costech 4010 Elemental Analyzer coupled to a Thermo Delta Plus XP IRMS","010 (combustion/reduction organics)","Schepers et al. (1989) Simultaneous determination of total C, total N, and 15N on soil and plant material. Communications in Soil Science and Plant Analysis 20(9-10), 949-959.",
"48bea30d-ab02-404e-9740-a498f30f80cb","nitrogenPercent","percent","soil","UWSIF-46-Soil3",0.13,0.14,0.005,0.005,0.003,514,"2021-01-01","2021-12-31","University of Wyoming Stable Isotope Facility","Costech 4010 Elemental Analyzer coupled to a Thermo Delta Plus XP IRMS","010 (combustion/reduction organics)","Schepers et al. (1989) Simultaneous determination of total C, total N, and 15N on soil and plant material. Communications in Soil Science and Plant Analysis 20(9-10), 949-959.",
"973e88af-3084-4f58-8f8e-8e34b68196e9","carbonPercent","percent","soil","UWSIF-46-Soil3",1.13,1.16,0.040,0.030,0.050,171,"2022-01-01","2022-12-31","University of Wyoming Stable Isotope Facility","Costech 4010 Elemental Analyzer coupled to a Thermo Delta Plus XP IRMS","010 (combustion/reduction organics)","Schepers et al. (1989) Simultaneous determination of total C, total N, and 15N on soil and plant material. Communications in Soil Science and Plant Analysis 20(9-10), 949-959.",
"144ec95b-d16d-41f4-93c2-541805efd941","nitrogenPercent","percent","soil","UWSIF-46-Soil3",0.13,0.13,0.008,0.006,0.010,56,"2020-01-01","2020-09-14","University of Wyoming Stable Isotope Facility","Costech 4010 Elemental Analyzer coupled to a Thermo Delta Plus XP IRMS","010 (combustion/reduction organics)","Schepers et al. (1989) Simultaneous determination of total C, total N, and 15N on soil and plant material. Communications in Soil Science and Plant Analysis 20(9-10), 949-959.",
"ae804090-cdf4-47df-b03f-72c5c2733505","nitrogenPercent","percent","vegetation","UWSIF-05-Alfalfa",3.25,3.23,0.060,-0.020,0.070,1189,"2018-01-01","2018-12-31","University of Wyoming Stable Isotope Facility","Costech 4010 Elemental Analyzer coupled to a Thermo Delta Plus XP IRMS","010 (combustion/reduction organics)","Schepers et al. (1989) Simultaneous determination of total C, total N, and 15N on soil and plant material. Communications in Soil Science and Plant Analysis 20(9-10), 949-959.",
"03858e41-df3c-470f-89dc-3bdd65af67cc","nitrogenPercent","percent","soil","UWSIF-46-Soil3",0.13,0.13,0.003,-0.001,0.004,164,"2017-09-25","2017-12-31","University of Wyoming Stable Isotope Facility","Costech 4010 Elemental Analyzer coupled to a Thermo Delta Plus XP IRMS","010 (combustion/reduction organics)","Schepers et al. (1989) Simultaneous determination of total C, total N, and 15N on soil and plant material. Communications in Soil Science and Plant Analysis 20(9-10), 949-959.",
"5e6835b7-52c6-461e-82ba-e9aa13eea5e4","carbonPercent","percent","soil","UWSIF-45-Soil2",1.55,1.50,0.070,-0.050,0.070,288,"2016-01-01","2016-12-31","University of Wyoming Stable Isotope Facility","Costech 4010 Elemental Analyzer coupled to a Thermo Delta Plus XP IRMS","010 (combustion/reduction organics)","Schepers et al. (1989) Simultaneous determination of total C, total N, and 15N on soil and plant material. Communications in Soil Science and Plant Analysis 20(9-10), 949-959.",
"b8f0f259-5ada-4060-a38b-5e6d6463c261","d15N","permill","vegetation","UWSIF-05-Alfalfa",0.19,0.14,0.100,-0.050,0.120,384,"2021-01-01","2021-12-31","University of Wyoming Stable Isotope Facility","Costech 4010 Elemental Analyzer coupled to a Thermo Delta Plus XP IRMS","010 (combustion/reduction organics)","Schepers et al. (1989) Simultaneous determination of total C, total N, and 15N on soil and plant material. Communications in Soil Science and Plant Analysis 20(9-10), 949-959.",
"60a7887e-81b3-4cc9-8da8-452d65fb4391","nitrogenPercent","percent","vegetation","UWSIF-05-Alfalfa",3.25,3.26,0.050,0.010,0.060,525,"2017-01-01","2017-12-31","University of Wyoming Stable Isotope Facility","Costech 4010 Elemental Analyzer coupled to a Thermo Delta Plus XP IRMS","010 (combustion/reduction organics)","Schepers et al. (1989) Simultaneous determination of total C, total N, and 15N on soil and plant material. Communications in Soil Science and Plant Analysis 20(9-10), 949-959.",
"793efde6-9d45-4f8e-8355-9322b7132c92","d13C","permill","soil","UWSIF-46-Soil3",-23.53,-23.58,0.140,-0.050,0.180,164,"2017-09-25","2017-12-31","University of Wyoming Stable Isotope Facility","Costech 4010 Elemental Analyzer coupled to a Thermo Delta Plus XP IRMS","010 (combustion/reduction organics)","Schepers et al. (1989) Simultaneous determination of total C, total N, and 15N on soil and plant material. Communications in Soil Science and Plant Analysis 20(9-10), 949-959.",
"f9eeafc8-c9f4-4056-b9aa-8d4f772d62f5","d13C","permill","soil","UWSIF-45-Soil2",-26.90,-26.69,0.210,0.210,0.110,288,"2016-01-01","2016-12-31","University of Wyoming Stable Isotope Facility","Costech 4010 Elemental Analyzer coupled to a Thermo Delta Plus XP IRMS","010 (combustion/reduction organics)","Schepers et al. (1989) Simultaneous determination of total C, total N, and 15N on soil and plant material. Communications in Soil Science and Plant Analysis 20(9-10), 949-959.",
"7d3b8693-57bf-472c-83c1-1da9ba76ece2","d15N","permill","soil","UWSIF-46-Soil3",6.12,6.01,0.170,-0.110,0.220,526,"2018-01-01","2018-12-31","University of Wyoming Stable Isotope Facility","Costech 4010 Elemental Analyzer coupled to a Thermo Delta Plus XP IRMS","010 (combustion/reduction organics)","Schepers et al. (1989) Simultaneous determination of total C, total N, and 15N on soil and plant material. Communications in Soil Science and Plant Analysis 20(9-10), 949-959.",
"036221ac-4a7d-4623-a933-bb606c00ae6e","d15N","permill","soil","UWSIF-45-Soil2",7.17,7.01,0.170,-0.160,0.130,288,"2016-01-01","2016-12-31","University of Wyoming Stable Isotope Facility","Costech 4010 Elemental Analyzer coupled to a Thermo Delta Plus XP IRMS","010 (combustion/reduction organics)","Schepers et al. (1989) Simultaneous determination of total C, total N, and 15N on soil and plant material. Communications in Soil Science and Plant Analysis 20(9-10), 949-959.",
"8e7d8286-f328-4fe2-9cb5-17e069493725","carbonPercent","percent","vegetation","UWSIF-05-Alfalfa",42.61,43.36,0.810,0.770,0.570,374,"2020-01-01","2020-09-14","University of Wyoming Stable Isotope Facility","Costech 4010 Elemental Analyzer coupled to a Thermo Delta Plus XP IRMS","010 (combustion/reduction organics)","Schepers et al. (1989) Simultaneous determination of total C, total N, and 15N on soil and plant material. Communications in Soil Science and Plant Analysis 20(9-10), 949-959.",
"4ac103b8-13a7-4bcc-83be-7161f168c2e3","d15N","permill","vegetation","UWSIF-05-Alfalfa",0.19,0.17,0.070,-0.020,0.020,525,"2017-01-01","2017-12-31","University of Wyoming Stable Isotope Facility","Costech 4010 Elemental Analyzer coupled to a Thermo Delta Plus XP IRMS","010 (combustion/reduction organics)","Schepers et al. (1989) Simultaneous determination of total C, total N, and 15N on soil and plant material. Communications in Soil Science and Plant Analysis 20(9-10), 949-959.",
"ba538656-8fbe-4860-882d-be7ada4c0a4e","d15N","permill","soil","UWSIF-46-Soil3",6.12,6.08,0.150,-0.040,0.200,164,"2017-09-25","2017-12-31","University of Wyoming Stable Isotope Facility","Costech 4010 Elemental Analyzer coupled to a Thermo Delta Plus XP IRMS","010 (combustion/reduction organics)","Schepers et al. (1989) Simultaneous determination of total C, total N, and 15N on soil and plant material. Communications in Soil Science and Plant Analysis 20(9-10), 949-959.",
"0559e8a5-aa32-498a-b8b8-165190af58d2","d15N","permill","soil","UWSIF-46-Soil3",6.12,6.09,0.130,-0.030,0.170,171,"2022-01-01","2022-12-31","University of Wyoming Stable Isotope Facility","Costech 4010 Elemental Analyzer coupled to a Thermo Delta Plus XP IRMS","010 (combustion/reduction organics)","Schepers et al. (1989) Simultaneous determination of total C, total N, and 15N on soil and plant material. Communications in Soil Science and Plant Analysis 20(9-10), 949-959.",
"191af780-7384-49e0-bdce-d8920bde3f82","d15N","permill","vegetation","UWSIF-47-Alfalfa",-0.32,-0.27,0.120,0.050,0.140,485,"2022-02-12","2022-12-31","University of Wyoming Stable Isotope Facility","Costech 4010 Elemental Analyzer coupled to a Thermo Delta Plus XP IRMS","010 (combustion/reduction organics)","Schepers et al. (1989) Simultaneous determination of total C, total N, and 15N on soil and plant material. Communications in Soil Science and Plant Analysis 20(9-10), 949-959.",
"e12e9b82-e575-47bb-92c6-4b47731d556e","d13C","permill","vegetation","UWSIF-05-Alfalfa",-27.48,-27.58,0.110,-0.100,0.080,1189,"2018-01-01","2018-12-31","University of Wyoming Stable Isotope Facility","Costech 4010 Elemental Analyzer coupled to a Thermo Delta Plus XP IRMS","010 (combustion/reduction organics)","Schepers et al. (1989) Simultaneous determination of total C, total N, and 15N on soil and plant material. Communications in Soil Science and Plant Analysis 20(9-10), 949-959.",
"9250f29b-6436-445b-80f7-69e43c5c6923","d13C","permill","soil","UWSIF-46-Soil3",-23.53,-23.55,0.150,-0.020,0.200,201,"2022-01-01","2022-12-31","University of Wyoming Stable Isotope Facility","Costech 4010 Elemental Analyzer coupled to a Thermo Delta Plus XP IRMS","010 (combustion/reduction organics)","Schepers et al. (1989) Simultaneous determination of total C, total N, and 15N on soil and plant material. Communications in Soil Science and Plant Analysis 20(9-10), 949-959.",
"a2a219b1-e146-409f-b103-c293272c0a7a","carbonPercent","percent","soil","UWSIF-46-Soil3",1.13,1.15,0.030,0.020,0.040,212,"2019-01-01","2019-12-31","University of Wyoming Stable Isotope Facility","Costech 4010 Elemental Analyzer coupled to a Thermo Delta Plus XP IRMS","010 (combustion/reduction organics)","Schepers et al. (1989) Simultaneous determination of total C, total N, and 15N on soil and plant material. Communications in Soil Science and Plant Analysis 20(9-10), 949-959.",
"e3ab7028-2dd5-4cbe-bb3a-2a6c951ca83a","nitrogenPercent","percent","vegetation","UWSIF-47-Alfalfa",2.76,2.73,0.050,-0.030,0.060,494,"2022-02-12","2022-12-31","University of Wyoming Stable Isotope Facility","Costech 4010 Elemental Analyzer coupled to a Thermo Delta Plus XP IRMS","010 (combustion/reduction organics)","Schepers et al. (1989) Simultaneous determination of total C, total N, and 15N on soil and plant material. Communications in Soil Science and Plant Analysis 20(9-10), 949-959.",
"aca3cfdc-907a-4d5c-9745-2c8821c13a81","d15N","permill","vegetation","UWSIF-05-Alfalfa",0.19,0.16,0.090,-0.030,0.130,536,"2015-01-01","2015-12-31","University of Wyoming Stable Isotope Facility","Costech 4010 Elemental Analyzer coupled to a Thermo Delta Plus XP IRMS","010 (combustion/reduction organics)","Schepers et al. (1989) Simultaneous determination of total C, total N, and 15N on soil and plant material. Communications in Soil Science and Plant Analysis 20(9-10), 949-959.",
"fdd55923-41f4-4c32-a467-4ee3eefd3c70","nitrogenPercent","percent","soil","UWSIF-46-Soil3",0.13,0.13,0.005,0.005,0.005,210,"2022-01-01","2022-12-31","University of Wyoming Stable Isotope Facility","Costech 4010 Elemental Analyzer coupled to a Thermo Delta Plus XP IRMS","010 (combustion/reduction organics)","Schepers et al. (1989) Simultaneous determination of total C, total N, and 15N on soil and plant material. Communications in Soil Science and Plant Analysis 20(9-10), 949-959.",
"db91dd3b-83e1-4d87-af56-24331cc8542a","carbonPercent","percent","soil","UWSIF-46-Soil3",1.13,1.13,0.040,-0.002,0.050,164,"2017-09-25","2017-12-31","University of Wyoming Stable Isotope Facility","Costech 4010 Elemental Analyzer coupled to a Thermo Delta Plus XP IRMS","010 (combustion/reduction organics)","Schepers et al. (1989) Simultaneous determination of total C, total N, and 15N on soil and plant material. Communications in Soil Science and Plant Analysis 20(9-10), 949-959.",
"30923b7c-483d-41e3-b6ad-6d30b5f6eaf8","d15N","permill","vegetation","UWSIF-05-Alfalfa",0.19,0.18,0.070,-0.010,0.020,1189,"2018-01-01","2018-12-31","University of Wyoming Stable Isotope Facility","Costech 4010 Elemental Analyzer coupled to a Thermo Delta Plus XP IRMS","010 (combustion/reduction organics)","Schepers et al. (1989) Simultaneous determination of total C, total N, and 15N on soil and plant material. Communications in Soil Science and Plant Analysis 20(9-10), 949-959.",
"4149dd08-2ab8-43c8-9721-6510245a7966","nitrogenPercent","percent","soil","UWSIF-46-Soil3",0.13,0.13,0.004,0.001,0.010,203,"2019-01-01","2019-12-31","University of Wyoming Stable Isotope Facility","Costech 4010 Elemental Analyzer coupled to a Thermo Delta Plus XP IRMS","010 (combustion/reduction organics)","Schepers et al. (1989) Simultaneous determination of total C, total N, and 15N on soil and plant material. Communications in Soil Science and Plant Analysis 20(9-10), 949-959.",
"0f1d9b83-671b-4834-a205-30015cfcded9","d15N","permill","vegetation","UWSIF-05-Alfalfa",0.19,0.17,0.060,-0.020,0.080,531,"2016-01-01","2016-12-31","University of Wyoming Stable Isotope Facility","Costech 4010 Elemental Analyzer coupled to a Thermo Delta Plus XP IRMS","010 (combustion/reduction organics)","Schepers et al. (1989) Simultaneous determination of total C, total N, and 15N on soil and plant material. Communications in Soil Science and Plant Analysis 20(9-10), 949-959.",
"9887b5e8-6685-4080-872c-dd2fc1bc19a2","carbonPercent","percent","vegetation","UWSIF-05-Alfalfa",42.61,43.43,0.920,0.810,0.820,372,"2021-01-01","2021-12-31","University of Wyoming Stable Isotope Facility","Costech 4010 Elemental Analyzer coupled to a Thermo Delta Plus XP IRMS","010 (combustion/reduction organics)","Schepers et al. (1989) Simultaneous determination of total C, total N, and 15N on soil and plant material. Communications in Soil Science and Plant Analysis 20(9-10), 949-959.",
"acd1a507-9c43-4143-afbb-5ab38648feaf","carbonPercent","percent","soil","UWSIF-46-Soil3",1.13,1.15,0.030,0.020,0.040,556,"2021-01-01","2021-12-31","University of Wyoming Stable Isotope Facility","Costech 4010 Elemental Analyzer coupled to a Thermo Delta Plus XP IRMS","010 (combustion/reduction organics)","Schepers et al. (1989) Simultaneous determination of total C, total N, and 15N on soil and plant material. Communications in Soil Science and Plant Analysis 20(9-10), 949-959.",
"f294ec2d-3f70-418a-b0f5-118faf4ba740","d13C","permill","vegetation","UWSIF-05-Alfalfa",-27.48,-27.52,0.090,-0.040,0.110,525,"2017-01-01","2017-12-31","University of Wyoming Stable Isotope Facility","Costech 4010 Elemental Analyzer coupled to a Thermo Delta Plus XP IRMS","010 (combustion/reduction organics)","Schepers et al. (1989) Simultaneous determination of total C, total N, and 15N on soil and plant material. Communications in Soil Science and Plant Analysis 20(9-10), 949-959.",
"b3d65302-6fb5-4df5-93c9-040fd01a6473","d15N","permill","soil","UWSIF-46-Soil3",6.12,6.17,0.140,0.050,0.170,501,"2021-01-01","2021-12-31","University of Wyoming Stable Isotope Facility","Costech 4010 Elemental Analyzer coupled to a Thermo Delta Plus XP IRMS","010 (combustion/reduction organics)","Schepers et al. (1989) Simultaneous determination of total C, total N, and 15N on soil and plant material. Communications in Soil Science and Plant Analysis 20(9-10), 949-959.",
"d5c20a2e-ce4d-4a8a-819c-e00b55991982","nitrogenPercent","percent","soil","UWSIF-45-Soil2",0.13,0.13,0.010,0.004,0.004,387,"2017-01-01","2017-09-24","University of Wyoming Stable Isotope Facility","Costech 4010 Elemental Analyzer coupled to a Thermo Delta Plus XP IRMS","010 (combustion/reduction organics)","Schepers et al. (1989) Simultaneous determination of total C, total N, and 15N on soil and plant material. Communications in Soil Science and Plant Analysis 20(9-10), 949-959.",
"3ce56dea-ff4c-429e-b5c0-36a898b3de8f","carbonPercent","percent","soil","UWSIF-45-Soil2",1.55,1.51,0.050,-0.040,0.050,214,"2015-01-01","2015-12-31","University of Wyoming Stable Isotope Facility","Costech 4010 Elemental Analyzer coupled to a Thermo Delta Plus XP IRMS","010 (combustion/reduction organics)","Schepers et al. (1989) Simultaneous determination of total C, total N, and 15N on soil and plant material. Communications in Soil Science and Plant Analysis 20(9-10), 949-959.",
"8766b33b-eb41-433c-9976-f6eca8d00699","d13C","permill","soil","UWSIF-46-Soil3",-23.53,-23.60,0.130,-0.070,0.130,45,"2020-01-01","2020-09-14","University of Wyoming Stable Isotope Facility","Costech 4010 Elemental Analyzer coupled to a Thermo Delta Plus XP IRMS","010 (combustion/reduction organics)","Schepers et al. (1989) Simultaneous determination of total C, total N, and 15N on soil and plant material. Communications in Soil Science and Plant Analysis 20(9-10), 949-959.",
"425697cc-fc08-4779-aab7-1a54ff7134c0","carbonPercent","percent","vegetation","UWSIF-05-Alfalfa",42.61,43.05,0.640,0.440,0.690,1189,"2018-01-01","2018-12-31","University of Wyoming Stable Isotope Facility","Costech 4010 Elemental Analyzer coupled to a Thermo Delta Plus XP IRMS","010 (combustion/reduction organics)","Schepers et al. (1989) Simultaneous determination of total C, total N, and 15N on soil and plant material. Communications in Soil Science and Plant Analysis 20(9-10), 949-959.",
"512aa68d-c6a8-486f-a19c-a0718b4ba13e","nitrogenPercent","percent","vegetation","UWSIF-05-Alfalfa",3.25,3.30,0.050,0.050,0.060,100,"2022-01-01","2022-02-11","University of Wyoming Stable Isotope Facility","Costech 4010 Elemental Analyzer coupled to a Thermo Delta Plus XP IRMS","010 (combustion/reduction organics)","Schepers et al. (1989) Simultaneous determination of total C, total N, and 15N on soil and plant material. Communications in Soil Science and Plant Analysis 20(9-10), 949-959.",
"7e70b980-10b1-466a-8852-d75fa0c8e4a4","d13C","permill","soil","UWSIF-46-Soil3",-23.53,-23.59,0.120,-0.060,0.150,526,"2018-01-01","2018-12-31","University of Wyoming Stable Isotope Facility","Costech 4010 Elemental Analyzer coupled to a Thermo Delta Plus XP IRMS","010 (combustion/reduction organics)","Schepers et al. (1989) Simultaneous determination of total C, total N, and 15N on soil and plant material. Communications in Soil Science and Plant Analysis 20(9-10), 949-959.",
"7864352d-2d82-4174-ac76-6a92200b7071","nitrogenPercent","percent","vegetation","UWSIF-05-Alfalfa",3.25,3.28,0.050,0.030,0.050,531,"2016-01-01","2016-12-31","University of Wyoming Stable Isotope Facility","Costech 4010 Elemental Analyzer coupled to a Thermo Delta Plus XP IRMS","010 (combustion/reduction organics)","Schepers et al. (1989) Simultaneous determination of total C, total N, and 15N on soil and plant material. Communications in Soil Science and Plant Analysis 20(9-10), 949-959.",
"7673d856-d10f-4c0e-bffb-b29c0bace2c4","d13C","permill","vegetation","UWSIF-47-Alfalfa",-28.49,-28.50,0.140,-0.020,0.170,479,"2022-02-12","2022-12-31","University of Wyoming Stable Isotope Facility","Costech 4010 Elemental Analyzer coupled to a Thermo Delta Plus XP IRMS","010 (combustion/reduction organics)","Schepers et al. (1989) Simultaneous determination of total C, total N, and 15N on soil and plant material. Communications in Soil Science and Plant Analysis 20(9-10), 949-959.",
"4d069274-05f4-4889-98d5-8de1f2cd717d","d15N","permill","soil","UWSIF-46-Soil3",6.12,6.15,0.180,0.030,0.230,194,"2019-01-01","2019-12-31","University of Wyoming Stable Isotope Facility","Costech 4010 Elemental Analyzer coupled to a Thermo Delta Plus XP IRMS","010 (combustion/reduction organics)","Schepers et al. (1989) Simultaneous determination of total C, total N, and 15N on soil and plant material. Communications in Soil Science and Plant Analysis 20(9-10), 949-959.",
"462a09eb-7132-4120-99bb-2f2303214715","nitrogenPercent","percent","vegetation","UWSIF-05-Alfalfa",3.25,3.26,0.040,0.010,0.050,536,"2015-01-01","2015-12-31","University of Wyoming Stable Isotope Facility","Costech 4010 Elemental Analyzer coupled to a Thermo Delta Plus XP IRMS","010 (combustion/reduction organics)","Schepers et al. (1989) Simultaneous determination of total C, total N, and 15N on soil and plant material. Communications in Soil Science and Plant Analysis 20(9-10), 949-959.",
"1df9e0d5-240a-49ef-87dd-7e0bdfa547ee","d15N","permill","vegetation","UWSIF-05-Alfalfa",0.19,0.16,0.050,-0.030,0.060,96,"2022-01-01","2022-02-11","University of Wyoming Stable Isotope Facility","Costech 4010 Elemental Analyzer coupled to a Thermo Delta Plus XP IRMS","010 (combustion/reduction organics)","Schepers et al. (1989) Simultaneous determination of total C, total N, and 15N on soil and plant material. Communications in Soil Science and Plant Analysis 20(9-10), 949-959.",
"9930ccab-7c97-4242-a7ce-af5d8f4ed6c2","carbonPercent","percent","soil","UWSIF-46-Soil3",1.13,1.13,0.040,-0.001,0.050,526,"2018-01-01","2018-12-31","University of Wyoming Stable Isotope Facility","Costech 4010 Elemental Analyzer coupled to a Thermo Delta Plus XP IRMS","010 (combustion/reduction organics)","Schepers et al. (1989) Simultaneous determination of total C, total N, and 15N on soil and plant material. Communications in Soil Science and Plant Analysis 20(9-10), 949-959.",
"d774aa25-d663-42dc-b17d-c8401aa8c8d4","nitrogenPercent","percent","vegetation","UWSIF-05-Alfalfa",3.25,3.25,0.060,0.004,0.070,753,"2019-01-01","2019-12-31","University of Wyoming Stable Isotope Facility","Costech 4010 Elemental Analyzer coupled to a Thermo Delta Plus XP IRMS","010 (combustion/reduction organics)","Schepers et al. (1989) Simultaneous determination of total C, total N, and 15N on soil and plant material. Communications in Soil Science and Plant Analysis 20(9-10), 949-959.",
"2f22f139-e9c2-4049-b9a1-d26266212e8d","d13C","permill","vegetation","UWSIF-05-Alfalfa",-27.48,-27.50,0.080,-0.020,0.100,531,"2016-01-01","2016-12-31","University of Wyoming Stable Isotope Facility","Costech 4010 Elemental Analyzer coupled to a Thermo Delta Plus XP IRMS","010 (combustion/reduction organics)","Schepers et al. (1989) Simultaneous determination of total C, total N, and 15N on soil and plant material. Communications in Soil Science and Plant Analysis 20(9-10), 949-959.",
"9285df76-fc0f-4bba-b8d2-7bb4835a3769","nitrogenPercent","percent","soil","UWSIF-45-Soil2",0.13,0.13,0.010,0.005,0.005,214,"2015-01-01","2015-12-31","University of Wyoming Stable Isotope Facility","Costech 4010 Elemental Analyzer coupled to a Thermo Delta Plus XP IRMS","010 (combustion/reduction organics)","Schepers et al. (1989) Simultaneous determination of total C, total N, and 15N on soil and plant material. Communications in Soil Science and Plant Analysis 20(9-10), 949-959.",
"3b24ac6c-11ed-4548-b578-9904e8892272","nitrogenPercent","percent","soil","UWSIF-45-Soil2",0.13,0.13,0.004,0.003,0.004,288,"2016-01-01","2016-12-31","University of Wyoming Stable Isotope Facility","Costech 4010 Elemental Analyzer coupled to a Thermo Delta Plus XP IRMS","010 (combustion/reduction organics)","Schepers et al. (1989) Simultaneous determination of total C, total N, and 15N on soil and plant material. Communications in Soil Science and Plant Analysis 20(9-10), 949-959.",
"f4e1a97c-9860-44cf-81cf-96e8554276df","carbonPercent","percent","soil","UWSIF-46-Soil3",1.13,1.17,0.040,0.030,0.040,46,"2020-01-01","2020-09-14","University of Wyoming Stable Isotope Facility","Costech 4010 Elemental Analyzer coupled to a Thermo Delta Plus XP IRMS","010 (combustion/reduction organics)","Schepers et al. (1989) Simultaneous determination of total C, total N, and 15N on soil and plant material. Communications in Soil Science and Plant Analysis 20(9-10), 949-959.",
"716c2cd1-907a-4212-b042-7b2ef687a968","carbonPercent","percent","vegetation","UWSIF-05-Alfalfa",42.61,42.56,0.710,-0.050,0.930,536,"2015-01-01","2015-12-31","University of Wyoming Stable Isotope Facility","Costech 4010 Elemental Analyzer coupled to a Thermo Delta Plus XP IRMS","010 (combustion/reduction organics)","Schepers et al. (1989) Simultaneous determination of total C, total N, and 15N on soil and plant material. Communications in Soil Science and Plant Analysis 20(9-10), 949-959.",
"7cc6a1dc-089d-4e81-b981-9c7ba94a2dc5","d13C","permill","vegetation","UWSIF-05-Alfalfa",-27.48,-27.60,0.150,-0.130,0.120,386,"2020-01-01","2020-09-14","University of Wyoming Stable Isotope Facility","Costech 4010 Elemental Analyzer coupled to a Thermo Delta Plus XP IRMS","010 (combustion/reduction organics)","Schepers et al. (1989) Simultaneous determination of total C, total N, and 15N on soil and plant material. Communications in Soil Science and Plant Analysis 20(9-10), 949-959.",
"9a55fa39-2d87-4c92-8a1b-cdb0e7f3ea8c","carbonPercent","percent","vegetation","UWSIF-05-Alfalfa",42.61,43.45,0.840,0.840,0.280,90,"2022-01-01","2022-02-11","University of Wyoming Stable Isotope Facility","Costech 4010 Elemental Analyzer coupled to a Thermo Delta Plus XP IRMS","010 (combustion/reduction organics)","Schepers et al. (1989) Simultaneous determination of total C, total N, and 15N on soil and plant material. Communications in Soil Science and Plant Analysis 20(9-10), 949-959.",
"1690ed05-c7f6-4e49-976d-c1c29a41390a","d13C","permill","vegetation","UWSIF-05-Alfalfa",-27.48,-27.46,0.060,0.020,0.070,94,"2022-01-01","2022-02-11","University of Wyoming Stable Isotope Facility","Costech 4010 Elemental Analyzer coupled to a Thermo Delta Plus XP IRMS","010 (combustion/reduction organics)","Schepers et al. (1989) Simultaneous determination of total C, total N, and 15N on soil and plant material. Communications in Soil Science and Plant Analysis 20(9-10), 949-959.",
"bdad5009-4c89-4746-b134-60db5e7874df","d15N","permill","vegetation","UWSIF-05-Alfalfa",0.19,0.15,0.090,-0.040,0.130,816,"2019-01-01","2019-12-31","University of Wyoming Stable Isotope Facility","Costech 4010 Elemental Analyzer coupled to a Thermo Delta Plus XP IRMS","010 (combustion/reduction organics)","Schepers et al. (1989) Simultaneous determination of total C, total N, and 15N on soil and plant material. Communications in Soil Science and Plant Analysis 20(9-10), 949-959.",
"4963bd07-1e53-41c8-a448-41d5fedeeee6","carbonPercent","percent","soil","UWSIF-45-Soil2",1.55,1.50,0.060,-0.050,0.050,387,"2017-01-01","2017-09-24","University of Wyoming Stable Isotope Facility","Costech 4010 Elemental Analyzer coupled to a Thermo Delta Plus XP IRMS","010 (combustion/reduction organics)","Schepers et al. (1989) Simultaneous determination of total C, total N, and 15N on soil and plant material. Communications in Soil Science and Plant Analysis 20(9-10), 949-959.",
"ac3695da-0cff-4463-bb06-f19ee5a66aed","d13C","permill","soil","UWSIF-46-Soil3",-23.53,-23.57,0.120,-0.030,0.160,211,"2019-01-01","2019-12-31","University of Wyoming Stable Isotope Facility","Costech 4010 Elemental Analyzer coupled to a Thermo Delta Plus XP IRMS","010 (combustion/reduction organics)","Schepers et al. (1989) Simultaneous determination of total C, total N, and 15N on soil and plant material. Communications in Soil Science and Plant Analysis 20(9-10), 949-959.",
"32825029-9392-4de0-a04c-5c4c94ffb5d5","d13C","permill","vegetation","UWSIF-05-Alfalfa",-27.48,-27.57,0.110,-0.090,0.080,786,"2019-01-01","2019-12-31","University of Wyoming Stable Isotope Facility","Costech 4010 Elemental Analyzer coupled to a Thermo Delta Plus XP IRMS","010 (combustion/reduction organics)","Schepers et al. (1989) Simultaneous determination of total C, total N, and 15N on soil and plant material. Communications in Soil Science and Plant Analysis 20(9-10), 949-959.",
"9bad8a9d-1f0f-490c-9fd6-3831cf0de18f","carbonPercent","percent","vegetation","UWSIF-05-Alfalfa",42.61,42.93,0.510,0.320,0.570,525,"2017-01-01","2017-12-31","University of Wyoming Stable Isotope Facility","Costech 4010 Elemental Analyzer coupled to a Thermo Delta Plus XP IRMS","010 (combustion/reduction organics)","Schepers et al. (1989) Simultaneous determination of total C, total N, and 15N on soil and plant material. Communications in Soil Science and Plant Analysis 20(9-10), 949-959.",
"06254b11-10b5-4251-9d8d-945d9d8663b2","d15N","permill","soil","UWSIF-46-Soil3",6.12,6.13,0.170,-0.030,0.180,38,"2020-01-01","2020-09-14","University of Wyoming Stable Isotope Facility","Costech 4010 Elemental Analyzer coupled to a Thermo Delta Plus XP IRMS","010 (combustion/reduction organics)","Schepers et al. (1989) Simultaneous determination of total C, total N, and 15N on soil and plant material. Communications in Soil Science and Plant Analysis 20(9-10), 949-959.",
"a594862a-94bd-4610-ade1-e14bbe912918","d13C","permill","soil","UWSIF-46-Soil3",-23.53,-23.53,0.100,-0.003,0.130,556,"2021-01-01","2021-12-31","University of Wyoming Stable Isotope Facility","Costech 4010 Elemental Analyzer coupled to a Thermo Delta Plus XP IRMS","010 (combustion/reduction organics)","Schepers et al. (1989) Simultaneous determination of total C, total N, and 15N on soil and plant material. Communications in Soil Science and Plant Analysis 20(9-10), 949-959.",
"3dfb0b1a-b9dd-44bd-bc5d-dddc9c974521","carbonPercent","percent","vegetation","UWSIF-05-Alfalfa",42.61,42.60,0.830,-0.010,0.950,531,"2016-01-01","2016-12-31","University of Wyoming Stable Isotope Facility","Costech 4010 Elemental Analyzer coupled to a Thermo Delta Plus XP IRMS","010 (combustion/reduction organics)","Schepers et al. (1989) Simultaneous determination of total C, total N, and 15N on soil and plant material. Communications in Soil Science and Plant Analysis 20(9-10), 949-959.",
"4c8740a9-bd6c-477c-bd0a-29244cd44cf7","d13C","permill","soil","UWSIF-45-Soil2",-26.90,-26.68,0.220,0.220,0.140,214,"2015-01-01","2015-12-31","University of Wyoming Stable Isotope Facility","Costech 4010 Elemental Analyzer coupled to a Thermo Delta Plus XP IRMS","010 (combustion/reduction organics)","Schepers et al. (1989) Simultaneous determination of total C, total N, and 15N on soil and plant material. Communications in Soil Science and Plant Analysis 20(9-10), 949-959.",
"7f9d1320-704c-418f-982d-ed9e4d2dd839","d15N","permill","soil","UWSIF-45-Soil2",7.17,7.00,0.200,-0.170,0.170,214,"2015-01-01","2015-12-31","University of Wyoming Stable Isotope Facility","Costech 4010 Elemental Analyzer coupled to a Thermo Delta Plus XP IRMS","010 (combustion/reduction organics)","Schepers et al. (1989) Simultaneous determination of total C, total N, and 15N on soil and plant material. Communications in Soil Science and Plant Analysis 20(9-10), 949-959.",
"1de8c502-28f3-4051-aed9-28204b3ab02c","nitrogenPercent","percent","soil","UWSIF-46-Soil3",0.13,0.13,0.004,-0.000,0.010,526,"2018-01-01","2018-12-31","University of Wyoming Stable Isotope Facility","Costech 4010 Elemental Analyzer coupled to a Thermo Delta Plus XP IRMS","010 (combustion/reduction organics)","Schepers et al. (1989) Simultaneous determination of total C, total N, and 15N on soil and plant material. Communications in Soil Science and Plant Analysis 20(9-10), 949-959.",
