uid,namedLocation,domainID,siteID,plotID,startDate,collectDate,sampleID,sampleCode,kclSampleID,kclSampleCode,sampleCondition,ammoniumNAnalysisDate,kclAmmoniumNConc,ammoniumNRepNum,ammoniumNQF,ammoniumNRemarks,nitrateNitriteNAnalysisDate,kclNitrateNitriteNConc,nitrateNitriteNRepNum,nitrateNitriteNQF,nitrateNitriteNRemarks,laboratoryName,ammoniumNMethod,ammoniumNInstrument,ammoniumNAnalyzedBy,ammoniumNReviewedBy,nitrateNitriteNMethod,nitrateNitriteNInstrument,nitrateNitriteNAnalyzedBy,nitrateNitriteNReviewedBy,dataQF
"d6f1113f-7d31-4535-a276-78e61b6a526f","DEJU_006.basePlot.bgc","D19","DEJU","DEJU_006","2018-06-18T15:42Z","2018-06-18T15:42Z","DEJU_006-O-25-32.5-20180618","A00000028561","DEJU_006-O-25-32.5-20180618-KCL","B00000008268","ok","2018-08-02",0.067,1,"OK",,"2018-08-04",0.030,1,"OK",,"EcoCore_CSU","Salicylate/nitroferricyanide (EPA 353.2)","OI Analytical 3700 Automated Chemistry Analyzer","Wy/3diD3cK1DOxVNruNwvg==","RHMxnCcsszGVJJM0CIC3lw==","Cd reduction/sulfanilamide (DIN 38406)","OI Analytical 3700 Automated Chemistry Analyzer","Wy/3diD3cK1DOxVNruNwvg==","RHMxnCcsszGVJJM0CIC3lw==",
"8d14101f-20b6-40dc-bd55-34b210a8fa25","DEJU_006.basePlot.bgc","D19","DEJU","DEJU_006","2018-06-18T15:59Z","2018-06-18T15:59Z","DEJU_006-M-25-32.5-20180618","A00000028562","DEJU_006-M-25-32.5-20180618-KCL","B00000008265","ok","2018-08-07",0.078,1,"OK",,"2018-08-08",0.015,1,"blanks exceed sample value",,"EcoCore_CSU","Salicylate/nitroferricyanide (EPA 353.2)","OI Analytical 3700 Automated Chemistry Analyzer","Wy/3diD3cK1DOxVNruNwvg==","RHMxnCcsszGVJJM0CIC3lw==","Cd reduction/sulfanilamide (DIN 38406)","OI Analytical 3700 Automated Chemistry Analyzer","Wy/3diD3cK1DOxVNruNwvg==","RHMxnCcsszGVJJM0CIC3lw==",
"67358949-4a2f-41d2-8684-f5748dac1086","DEJU_006.basePlot.bgc","D19","DEJU","DEJU_006","2018-06-18T16:43Z","2018-06-18T16:43Z","DEJU_006-O-2.5-37.5-20180618","A00000028557","DEJU_006-O-2.5-37.5-20180618-KCL","B00000008270","ok","2018-08-07",0.053,1,"OK",,"2018-08-08",0.014,1,"blanks exceed sample value",,"EcoCore_CSU","Salicylate/nitroferricyanide (EPA 353.2)","OI Analytical 3700 Automated Chemistry Analyzer","Wy/3diD3cK1DOxVNruNwvg==","RHMxnCcsszGVJJM0CIC3lw==","Cd reduction/sulfanilamide (DIN 38406)","OI Analytical 3700 Automated Chemistry Analyzer","Wy/3diD3cK1DOxVNruNwvg==","RHMxnCcsszGVJJM0CIC3lw==",
"f768c6fd-1c78-4e8b-97d7-6e6641b2fc85","DEJU_006.basePlot.bgc","D19","DEJU","DEJU_006","2018-06-18T16:55Z","2018-06-18T16:55Z","DEJU_006-M-2.5-37.5-20180618","A00000028558","DEJU_006-M-2.5-37.5-20180618-KCL","B00000008269","ok","2018-08-07",0.044,1,"OK",,"2018-08-08",0.010,1,"blanks exceed sample value",,"EcoCore_CSU","Salicylate/nitroferricyanide (EPA 353.2)","OI Analytical 3700 Automated Chemistry Analyzer","Wy/3diD3cK1DOxVNruNwvg==","RHMxnCcsszGVJJM0CIC3lw==","Cd reduction/sulfanilamide (DIN 38406)","OI Analytical 3700 Automated Chemistry Analyzer","Wy/3diD3cK1DOxVNruNwvg==","RHMxnCcsszGVJJM0CIC3lw==",
"01962be3-25cb-4082-afdb-b587f6006fd7","DEJU_006.basePlot.bgc","D19","DEJU","DEJU_006","2018-06-18T17:22Z","2018-06-18T17:22Z","DEJU_006-O-39.5-1.5-20180618","A00000028559","DEJU_006-O-39.5-1.5-20180618-KCL","B00000008271","ok","2018-08-02",0.294,1,"OK",,"2018-08-04",0.002,1,"blanks exceed sample value",,"EcoCore_CSU","Salicylate/nitroferricyanide (EPA 353.2)","OI Analytical 3700 Automated Chemistry Analyzer","Wy/3diD3cK1DOxVNruNwvg==","RHMxnCcsszGVJJM0CIC3lw==","Cd reduction/sulfanilamide (DIN 38406)","OI Analytical 3700 Automated Chemistry Analyzer","Wy/3diD3cK1DOxVNruNwvg==","RHMxnCcsszGVJJM0CIC3lw==",
"c52f0d86-8932-44df-917c-eb9f55bfbff6","DEJU_006.basePlot.bgc","D19","DEJU","DEJU_006","2018-06-18T17:35Z","2018-06-18T17:35Z","DEJU_006-M-39.5-1.5-20180618","A00000028560","DEJU_006-M-39.5-1.5-20180618-KCL","B00000008267","ok","2018-08-02",0.074,1,"OK",,"2018-08-04",0.029,1,"OK",,"EcoCore_CSU","Salicylate/nitroferricyanide (EPA 353.2)","OI Analytical 3700 Automated Chemistry Analyzer","Wy/3diD3cK1DOxVNruNwvg==","RHMxnCcsszGVJJM0CIC3lw==","Cd reduction/sulfanilamide (DIN 38406)","OI Analytical 3700 Automated Chemistry Analyzer","Wy/3diD3cK1DOxVNruNwvg==","RHMxnCcsszGVJJM0CIC3lw==",
"33314eb5-924c-4a0b-919b-27b85e79742d","DEJU_014.basePlot.bgc","D19","DEJU","DEJU_014","2018-06-18T19:04Z","2018-06-18T19:04Z","DEJU_014-O-14-9-20180618","A00000028579","DEJU_014-O-14-9-20180618-KCL","B00000008260","ok","2018-08-02",0.260,1,"OK",,"2018-08-04",0.038,1,"OK",,"EcoCore_CSU","Salicylate/nitroferricyanide (EPA 353.2)","OI Analytical 3700 Automated Chemistry Analyzer","Wy/3diD3cK1DOxVNruNwvg==","RHMxnCcsszGVJJM0CIC3lw==","Cd reduction/sulfanilamide (DIN 38406)","OI Analytical 3700 Automated Chemistry Analyzer","Wy/3diD3cK1DOxVNruNwvg==","RHMxnCcsszGVJJM0CIC3lw==",
"d51de8e3-c57e-4341-9fd6-4efdadb24b62","DEJU_014.basePlot.bgc","D19","DEJU","DEJU_014","2018-06-18T19:05Z","2018-06-18T19:05Z","DEJU_014-M-14-9-20180618","A00000028580","DEJU_014-M-14-9-20180618-KCL","B00000008261","ok","2018-08-02",0.065,1,"OK",,"2018-08-04",0.035,1,"OK",,"EcoCore_CSU","Salicylate/nitroferricyanide (EPA 353.2)","OI Analytical 3700 Automated Chemistry Analyzer","Wy/3diD3cK1DOxVNruNwvg==","RHMxnCcsszGVJJM0CIC3lw==","Cd reduction/sulfanilamide (DIN 38406)","OI Analytical 3700 Automated Chemistry Analyzer","Wy/3diD3cK1DOxVNruNwvg==","RHMxnCcsszGVJJM0CIC3lw==",
"7a578cfb-5350-4576-9142-cb47d055f9fe","DEJU_014.basePlot.bgc","D19","DEJU","DEJU_014","2018-06-18T19:32Z","2018-06-18T19:32Z","DEJU_014-O-21-9.5-20180618","A00000028584","DEJU_014-O-21-9.5-20180618-KCL","B00000008266","ok","2018-08-02",0.079,1,"OK",,"2018-08-04",0.055,1,"OK",,"EcoCore_CSU","Salicylate/nitroferricyanide (EPA 353.2)","OI Analytical 3700 Automated Chemistry Analyzer","Wy/3diD3cK1DOxVNruNwvg==","RHMxnCcsszGVJJM0CIC3lw==","Cd reduction/sulfanilamide (DIN 38406)","OI Analytical 3700 Automated Chemistry Analyzer","Wy/3diD3cK1DOxVNruNwvg==","RHMxnCcsszGVJJM0CIC3lw==",
"4f68b2a3-5e04-4a74-b955-7522bc2fc5ea","DEJU_014.basePlot.bgc","D19","DEJU","DEJU_014","2018-06-18T19:39Z","2018-06-18T19:39Z","DEJU_014-M-21-9.5-20180618","A00000028583","DEJU_014-M-21-9.5-20180618-KCL","B00000008263","ok","2018-08-07",0.026,1,"OK",,"2018-08-08",0.012,1,"blanks exceed sample value",,"EcoCore_CSU","Salicylate/nitroferricyanide (EPA 353.2)","OI Analytical 3700 Automated Chemistry Analyzer","Wy/3diD3cK1DOxVNruNwvg==","RHMxnCcsszGVJJM0CIC3lw==","Cd reduction/sulfanilamide (DIN 38406)","OI Analytical 3700 Automated Chemistry Analyzer","Wy/3diD3cK1DOxVNruNwvg==","RHMxnCcsszGVJJM0CIC3lw==",
"50592246-a01d-4e80-9a81-892ff7e80475","DEJU","D19","DEJU",,"2018-06-18T20:00Z","2018-06-18T20:00Z",,,"DEJU-20180618-BREF1-A","B00000008273","ok","2018-08-02",0.009,1,"OK",,"2018-08-04",,1,"blank value outlier","value removed","EcoCore_CSU","Salicylate/nitroferricyanide (EPA 353.2)","OI Analytical 3700 Automated Chemistry Analyzer","Wy/3diD3cK1DOxVNruNwvg==","RHMxnCcsszGVJJM0CIC3lw==","Cd reduction/sulfanilamide (DIN 38406)","OI Analytical 3700 Automated Chemistry Analyzer","Wy/3diD3cK1DOxVNruNwvg==","RHMxnCcsszGVJJM0CIC3lw==",
"fcdbe137-bf68-406b-859a-2e547adb80a7","DEJU","D19","DEJU",,"2018-06-18T20:00Z","2018-06-18T20:00Z",,,"DEJU-20180618-BREF1-C","B00000008275","ok","2018-08-07",,1,"blank value outlier","value removed","2018-08-08",0.033,1,"OK",,"EcoCore_CSU","Salicylate/nitroferricyanide (EPA 353.2)","OI Analytical 3700 Automated Chemistry Analyzer","Wy/3diD3cK1DOxVNruNwvg==","RHMxnCcsszGVJJM0CIC3lw==","Cd reduction/sulfanilamide (DIN 38406)","OI Analytical 3700 Automated Chemistry Analyzer","Wy/3diD3cK1DOxVNruNwvg==","RHMxnCcsszGVJJM0CIC3lw==",
"81f2e449-77e1-4020-9d96-2bccc1f17a9d","DEJU","D19","DEJU",,"2018-06-18T20:00Z","2018-06-18T20:00Z",,,"DEJU-20180618-BREF1-B","B00000008274","ok","2018-08-02",0.013,1,"OK",,"2018-08-04",0.043,1,"OK",,"EcoCore_CSU","Salicylate/nitroferricyanide (EPA 353.2)","OI Analytical 3700 Automated Chemistry Analyzer","Wy/3diD3cK1DOxVNruNwvg==","RHMxnCcsszGVJJM0CIC3lw==","Cd reduction/sulfanilamide (DIN 38406)","OI Analytical 3700 Automated Chemistry Analyzer","Wy/3diD3cK1DOxVNruNwvg==","RHMxnCcsszGVJJM0CIC3lw==",
"6f4ea6d9-dcef-4636-9540-6e8d14a29393","DEJU_014.basePlot.bgc","D19","DEJU","DEJU_014","2018-06-18T20:14Z","2018-06-18T20:14Z","DEJU_014-O-33.5-24.5-20180618","A00000028581","DEJU_014-O-33.5-24.5-20180618-KCL","B00000008264","ok","2018-08-07",0.025,1,"OK",,"2018-08-08",0.013,1,"blanks exceed sample value",,"EcoCore_CSU","Salicylate/nitroferricyanide (EPA 353.2)","OI Analytical 3700 Automated Chemistry Analyzer","Wy/3diD3cK1DOxVNruNwvg==","RHMxnCcsszGVJJM0CIC3lw==","Cd reduction/sulfanilamide (DIN 38406)","OI Analytical 3700 Automated Chemistry Analyzer","Wy/3diD3cK1DOxVNruNwvg==","RHMxnCcsszGVJJM0CIC3lw==",
"f058f084-a313-41b9-ba56-f7dd35f16486","DEJU_014.basePlot.bgc","D19","DEJU","DEJU_014","2018-06-18T20:21Z","2018-06-18T20:21Z","DEJU_014-M-33.5-24.5-20180618","A00000028582","DEJU_014-M-33.5-24.5-20180618-KCL","B00000008262","ok","2018-08-07",0.004,1,"OK",,"2018-08-08",0.028,1,"OK",,"EcoCore_CSU","Salicylate/nitroferricyanide (EPA 353.2)","OI Analytical 3700 Automated Chemistry Analyzer","Wy/3diD3cK1DOxVNruNwvg==","RHMxnCcsszGVJJM0CIC3lw==","Cd reduction/sulfanilamide (DIN 38406)","OI Analytical 3700 Automated Chemistry Analyzer","Wy/3diD3cK1DOxVNruNwvg==","RHMxnCcsszGVJJM0CIC3lw==",
"8f62cb1b-02ea-4e42-be85-8ce49f6449f7","DEJU_001.basePlot.bgc","D19","DEJU","DEJU_001","2018-06-19T19:09Z","2018-06-19T19:09Z","DEJU_001-O-2-34.5-20180619","A00000028569","DEJU_001-O-2-34.5-20180619-KCL","B00000008312","ok","2018-08-02",0.080,1,"OK",,"2018-08-04",0.042,1,"OK",,"EcoCore_CSU","Salicylate/nitroferricyanide (EPA 353.2)","OI Analytical 3700 Automated Chemistry Analyzer","Wy/3diD3cK1DOxVNruNwvg==","RHMxnCcsszGVJJM0CIC3lw==","Cd reduction/sulfanilamide (DIN 38406)","OI Analytical 3700 Automated Chemistry Analyzer","Wy/3diD3cK1DOxVNruNwvg==","RHMxnCcsszGVJJM0CIC3lw==",
"df6c0065-6ba6-4b46-854b-93928de7ab68","DEJU_001.basePlot.bgc","D19","DEJU","DEJU_001","2018-06-19T19:36Z","2018-06-19T19:36Z","DEJU_001-M-2-34.5-20180619","A00000028536","DEJU_001-M-2-34.5-20180619-KCL","B00000008313","ok","2018-08-07",0.004,1,"blanks exceed sample value",,"2018-08-08",0.022,1,"OK",,"EcoCore_CSU","Salicylate/nitroferricyanide (EPA 353.2)","OI Analytical 3700 Automated Chemistry Analyzer","Wy/3diD3cK1DOxVNruNwvg==","RHMxnCcsszGVJJM0CIC3lw==","Cd reduction/sulfanilamide (DIN 38406)","OI Analytical 3700 Automated Chemistry Analyzer","Wy/3diD3cK1DOxVNruNwvg==","RHMxnCcsszGVJJM0CIC3lw==",
"fa350fb4-a62e-417d-8cfd-a034b919a919","DEJU_001.basePlot.bgc","D19","DEJU","DEJU_001","2018-06-19T20:04Z","2018-06-19T20:04Z","DEJU_001-O-20.5-37.5-20180619","A00000028539","DEJU_001-O-20.5-37.5-20180619-KCL","B00000008306","ok","2018-08-07",0.053,1,"OK",,"2018-08-08",0.010,1,"OK",,"EcoCore_CSU","Salicylate/nitroferricyanide (EPA 353.2)","OI Analytical 3700 Automated Chemistry Analyzer","Wy/3diD3cK1DOxVNruNwvg==","RHMxnCcsszGVJJM0CIC3lw==","Cd reduction/sulfanilamide (DIN 38406)","OI Analytical 3700 Automated Chemistry Analyzer","Wy/3diD3cK1DOxVNruNwvg==","RHMxnCcsszGVJJM0CIC3lw==",
"dff885b3-f252-4268-bf9b-9fcf29bf84cb","DEJU_002.basePlot.bgc","D19","DEJU","DEJU_002","2018-06-19T20:14Z","2018-06-19T20:14Z","DEJU_002-O-12.5-31-20180619","A00000028563","DEJU_002-O-12.5-31-20180619-KCL","B00000008322","ok","2018-08-02",0.070,1,"OK",,"2018-08-04",0.030,1,"OK",,"EcoCore_CSU","Salicylate/nitroferricyanide (EPA 353.2)","OI Analytical 3700 Automated Chemistry Analyzer","Wy/3diD3cK1DOxVNruNwvg==","RHMxnCcsszGVJJM0CIC3lw==","Cd reduction/sulfanilamide (DIN 38406)","OI Analytical 3700 Automated Chemistry Analyzer","Wy/3diD3cK1DOxVNruNwvg==","RHMxnCcsszGVJJM0CIC3lw==",
"60eeae5c-4319-436b-b9e4-11caaee780a7","DEJU_001.basePlot.bgc","D19","DEJU","DEJU_001","2018-06-19T20:24Z","2018-06-19T20:24Z","DEJU_001-M-20.5-37.5-20180619","A00000028540","DEJU_001-M-20.5-37.5-20180619-KCL","B00000008314","ok","2018-08-07",0.033,1,"OK",,"2018-08-08",0.015,1,"OK",,"EcoCore_CSU","Salicylate/nitroferricyanide (EPA 353.2)","OI Analytical 3700 Automated Chemistry Analyzer","Wy/3diD3cK1DOxVNruNwvg==","RHMxnCcsszGVJJM0CIC3lw==","Cd reduction/sulfanilamide (DIN 38406)","OI Analytical 3700 Automated Chemistry Analyzer","Wy/3diD3cK1DOxVNruNwvg==","RHMxnCcsszGVJJM0CIC3lw==",
"bdcfcdf4-ded7-4a01-bd2f-a9ecbd733218","DEJU_002.basePlot.bgc","D19","DEJU","DEJU_002","2018-06-19T20:36Z","2018-06-19T20:36Z","DEJU_002-M-12.5-31-20180619","A00000028564","DEJU_002-M-12.5-31-20180619-KCL","B00000008319","ok","2018-08-02",0.050,1,"OK",,"2018-08-04",0.000,1,"OK",,"EcoCore_CSU","Salicylate/nitroferricyanide (EPA 353.2)","OI Analytical 3700 Automated Chemistry Analyzer","Wy/3diD3cK1DOxVNruNwvg==","RHMxnCcsszGVJJM0CIC3lw==","Cd reduction/sulfanilamide (DIN 38406)","OI Analytical 3700 Automated Chemistry Analyzer","Wy/3diD3cK1DOxVNruNwvg==","RHMxnCcsszGVJJM0CIC3lw==",
"d448c572-1e91-40fe-a5ef-960a500c5022","DEJU_001.basePlot.bgc","D19","DEJU","DEJU_001","2018-06-19T20:48Z","2018-06-19T20:48Z","DEJU_001-O-24.5-6.5-20180619","A00000028537","DEJU_001-O-24.5-6.5-20180619-KCL","B00000008315","ok","2018-08-07",0.026,1,"OK",,"2018-08-08",0.016,1,"OK",,"EcoCore_CSU","Salicylate/nitroferricyanide (EPA 353.2)","OI Analytical 3700 Automated Chemistry Analyzer","Wy/3diD3cK1DOxVNruNwvg==","RHMxnCcsszGVJJM0CIC3lw==","Cd reduction/sulfanilamide (DIN 38406)","OI Analytical 3700 Automated Chemistry Analyzer","Wy/3diD3cK1DOxVNruNwvg==","RHMxnCcsszGVJJM0CIC3lw==",
"f3ba0cc8-49f9-4448-ab8b-21903c2d3592","DEJU_001.basePlot.bgc","D19","DEJU","DEJU_001","2018-06-19T21:04Z","2018-06-19T21:04Z","DEJU_001-M-24.5-6.5-20180619","A00000028538","DEJU_001-M-24.5-6.5-20180619-KCL","B00000008307","ok","2018-08-02",0.077,1,"OK",,"2018-08-04",0.038,1,"OK",,"EcoCore_CSU","Salicylate/nitroferricyanide (EPA 353.2)","OI Analytical 3700 Automated Chemistry Analyzer","Wy/3diD3cK1DOxVNruNwvg==","RHMxnCcsszGVJJM0CIC3lw==","Cd reduction/sulfanilamide (DIN 38406)","OI Analytical 3700 Automated Chemistry Analyzer","Wy/3diD3cK1DOxVNruNwvg==","RHMxnCcsszGVJJM0CIC3lw==",
"fd97a4a4-7bcc-4e40-bbd1-95b0773dad0c","DEJU_002.basePlot.bgc","D19","DEJU","DEJU_002","2018-06-19T21:08Z","2018-06-19T21:08Z","DEJU_002-O-21.5-30-20180619","A00000028567","DEJU_002-O-21.5-30-20180619-KCL","B00000008310","ok","2018-08-07",0.155,1,"OK",,"2018-08-08",0.010,1,"OK",,"EcoCore_CSU","Salicylate/nitroferricyanide (EPA 353.2)","OI Analytical 3700 Automated Chemistry Analyzer","Wy/3diD3cK1DOxVNruNwvg==","RHMxnCcsszGVJJM0CIC3lw==","Cd reduction/sulfanilamide (DIN 38406)","OI Analytical 3700 Automated Chemistry Analyzer","Wy/3diD3cK1DOxVNruNwvg==","RHMxnCcsszGVJJM0CIC3lw==",
"6f6433a0-8208-4692-8e88-0f94e847318f","DEJU_002.basePlot.bgc","D19","DEJU","DEJU_002","2018-06-19T21:14Z","2018-06-19T21:14Z","DEJU_002-M-21.5-30-20180619","A00000028568","DEJU_002-M-21.5-30-20180619-KCL","B00000008323","ok","2018-08-02",0.019,1,"blanks exceed sample value",,"2018-08-04",0.193,1,"OK",,"EcoCore_CSU","Salicylate/nitroferricyanide (EPA 353.2)","OI Analytical 3700 Automated Chemistry Analyzer","Wy/3diD3cK1DOxVNruNwvg==","RHMxnCcsszGVJJM0CIC3lw==","Cd reduction/sulfanilamide (DIN 38406)","OI Analytical 3700 Automated Chemistry Analyzer","Wy/3diD3cK1DOxVNruNwvg==","RHMxnCcsszGVJJM0CIC3lw==",
"8f1654ca-4e0b-429f-b0c9-9df69975b4dc","DEJU_002.basePlot.bgc","D19","DEJU","DEJU_002","2018-06-19T21:52Z","2018-06-19T21:52Z","DEJU_002-O-9-18-20180619","A00000028565","DEJU_002-O-9-18-20180619-KCL","B00000008320","ok","2018-08-02",0.083,1,"OK",,"2018-08-04",0.044,1,"OK",,"EcoCore_CSU","Salicylate/nitroferricyanide (EPA 353.2)","OI Analytical 3700 Automated Chemistry Analyzer","Wy/3diD3cK1DOxVNruNwvg==","RHMxnCcsszGVJJM0CIC3lw==","Cd reduction/sulfanilamide (DIN 38406)","OI Analytical 3700 Automated Chemistry Analyzer","Wy/3diD3cK1DOxVNruNwvg==","RHMxnCcsszGVJJM0CIC3lw==",
"af225e2d-c7e8-4505-9ae5-42eeb29c971a","DEJU_009.basePlot.bgc","D19","DEJU","DEJU_009","2018-06-19T22:21Z","2018-06-19T22:21Z","DEJU_009-O-16.5-31.5-20180619","A00000028553","DEJU_009-O-16.5-31.5-20180619-KCL","B00000008287","ok","2018-08-02",0.546,1,"OK",,"2018-08-04",0.084,1,"OK",,"EcoCore_CSU","Salicylate/nitroferricyanide (EPA 353.2)","OI Analytical 3700 Automated Chemistry Analyzer","Wy/3diD3cK1DOxVNruNwvg==","RHMxnCcsszGVJJM0CIC3lw==","Cd reduction/sulfanilamide (DIN 38406)","OI Analytical 3700 Automated Chemistry Analyzer","Wy/3diD3cK1DOxVNruNwvg==","RHMxnCcsszGVJJM0CIC3lw==",
"d6088e9b-0a3e-4b9a-9780-af44d1cfc8a2","DEJU_009.basePlot.bgc","D19","DEJU","DEJU_009","2018-06-19T22:39Z","2018-06-19T22:39Z","DEJU_009-M-16.5-31.5-20180619","A00000028554","DEJU_009-M-16.5-31.5-20180619-KCL","B00000008299","ok","2018-08-07",0.036,1,"OK",,"2018-08-08",0.019,1,"OK",,"EcoCore_CSU","Salicylate/nitroferricyanide (EPA 353.2)","OI Analytical 3700 Automated Chemistry Analyzer","Wy/3diD3cK1DOxVNruNwvg==","RHMxnCcsszGVJJM0CIC3lw==","Cd reduction/sulfanilamide (DIN 38406)","OI Analytical 3700 Automated Chemistry Analyzer","Wy/3diD3cK1DOxVNruNwvg==","RHMxnCcsszGVJJM0CIC3lw==",
"87f36d17-1fe1-49db-8f4d-9eb50e1d6ece","DEJU_009.basePlot.bgc","D19","DEJU","DEJU_009","2018-06-19T23:10Z","2018-06-19T23:10Z","DEJU_009-O-36.5-23.5-20180619","A00000028585","DEJU_009-O-36.5-23.5-20180619-KCL","B00000008292","ok","2018-08-02",0.138,1,"OK",,"2018-08-04",0.190,1,"OK",,"EcoCore_CSU","Salicylate/nitroferricyanide (EPA 353.2)","OI Analytical 3700 Automated Chemistry Analyzer","Wy/3diD3cK1DOxVNruNwvg==","RHMxnCcsszGVJJM0CIC3lw==","Cd reduction/sulfanilamide (DIN 38406)","OI Analytical 3700 Automated Chemistry Analyzer","Wy/3diD3cK1DOxVNruNwvg==","RHMxnCcsszGVJJM0CIC3lw==",
"96e15026-f533-4092-a9f7-d721119b94d0","DEJU_009.basePlot.bgc","D19","DEJU","DEJU_009","2018-06-19T23:18Z","2018-06-19T23:18Z","DEJU_009-M-36.5-23.5-20180619","A00000028586","DEJU_009-M-36.5-23.5-20180619-KCL","B00000008286","ok","2018-08-02",0.042,1,"OK",,"2018-08-04",0.041,1,"OK",,"EcoCore_CSU","Salicylate/nitroferricyanide (EPA 353.2)","OI Analytical 3700 Automated Chemistry Analyzer","Wy/3diD3cK1DOxVNruNwvg==","RHMxnCcsszGVJJM0CIC3lw==","Cd reduction/sulfanilamide (DIN 38406)","OI Analytical 3700 Automated Chemistry Analyzer","Wy/3diD3cK1DOxVNruNwvg==","RHMxnCcsszGVJJM0CIC3lw==",
"692dc953-b536-49fb-b127-236680e43dfa","DEJU_009.basePlot.bgc","D19","DEJU","DEJU_009","2018-06-19T23:42Z","2018-06-19T23:42Z","DEJU_009-O-35.5-8-20180619","A00000028556","DEJU_009-O-35.5-8-20180619-KCL","B00000008298","ok","2018-08-02",0.072,1,"OK",,"2018-08-04",0.062,1,"OK",,"EcoCore_CSU","Salicylate/nitroferricyanide (EPA 353.2)","OI Analytical 3700 Automated Chemistry Analyzer","Wy/3diD3cK1DOxVNruNwvg==","RHMxnCcsszGVJJM0CIC3lw==","Cd reduction/sulfanilamide (DIN 38406)","OI Analytical 3700 Automated Chemistry Analyzer","Wy/3diD3cK1DOxVNruNwvg==","RHMxnCcsszGVJJM0CIC3lw==",
"36d181dc-9aef-45e3-bc39-7e98b7aef6cd","DEJU_009.basePlot.bgc","D19","DEJU","DEJU_009","2018-06-20T00:00Z","2018-06-20T00:00Z","DEJU_009-M-35.5-8-20180619","A00000028555","DEJU_009-M-35.5-8-20180619-KCL","B00000008291","ok","2018-08-07",0.539,1,"OK",,"2018-08-08",0.018,1,"OK",,"EcoCore_CSU","Salicylate/nitroferricyanide (EPA 353.2)","OI Analytical 3700 Automated Chemistry Analyzer","Wy/3diD3cK1DOxVNruNwvg==","RHMxnCcsszGVJJM0CIC3lw==","Cd reduction/sulfanilamide (DIN 38406)","OI Analytical 3700 Automated Chemistry Analyzer","Wy/3diD3cK1DOxVNruNwvg==","RHMxnCcsszGVJJM0CIC3lw==",
"e5c86c32-9570-4d0a-8249-3cb3a4704d1c","DEJU_015.basePlot.bgc","D19","DEJU","DEJU_015","2018-06-20T00:02Z","2018-06-20T00:02Z","DEJU_015-O-22-5.5-20180619","A00000028574","DEJU_015-O-22-5.5-20180619-KCL","B00000008317","ok","2018-08-02",0.069,1,"OK",,"2018-08-04",0.013,1,"OK",,"EcoCore_CSU","Salicylate/nitroferricyanide (EPA 353.2)","OI Analytical 3700 Automated Chemistry Analyzer","Wy/3diD3cK1DOxVNruNwvg==","RHMxnCcsszGVJJM0CIC3lw==","Cd reduction/sulfanilamide (DIN 38406)","OI Analytical 3700 Automated Chemistry Analyzer","Wy/3diD3cK1DOxVNruNwvg==","RHMxnCcsszGVJJM0CIC3lw==",
"8ee00afd-4407-437a-ae3d-24d1bb9afef5","DEJU_015.basePlot.bgc","D19","DEJU","DEJU_015","2018-06-20T00:13Z","2018-06-20T00:13Z","DEJU_015-M-22-5.5-20180619","A00000028573","DEJU_015-M-22-5.5-20180619-KCL","B00000008316","ok","2018-08-02",0.047,1,"OK",,"2018-08-04",0.025,1,"OK",,"EcoCore_CSU","Salicylate/nitroferricyanide (EPA 353.2)","OI Analytical 3700 Automated Chemistry Analyzer","Wy/3diD3cK1DOxVNruNwvg==","RHMxnCcsszGVJJM0CIC3lw==","Cd reduction/sulfanilamide (DIN 38406)","OI Analytical 3700 Automated Chemistry Analyzer","Wy/3diD3cK1DOxVNruNwvg==","RHMxnCcsszGVJJM0CIC3lw==",
"6b9f7491-996e-4102-aed7-9d4039b09e88","DEJU_015.basePlot.bgc","D19","DEJU","DEJU_015","2018-06-20T00:44Z","2018-06-20T00:44Z","DEJU_015-O-15.5-2.5-20180619","A00000028578","DEJU_015-O-15.5-2.5-20180619-KCL","B00000008308","ok","2018-08-02",0.029,1,"OK",,"2018-08-04",0.000,1,"OK",,"EcoCore_CSU","Salicylate/nitroferricyanide (EPA 353.2)","OI Analytical 3700 Automated Chemistry Analyzer","Wy/3diD3cK1DOxVNruNwvg==","RHMxnCcsszGVJJM0CIC3lw==","Cd reduction/sulfanilamide (DIN 38406)","OI Analytical 3700 Automated Chemistry Analyzer","Wy/3diD3cK1DOxVNruNwvg==","RHMxnCcsszGVJJM0CIC3lw==",
"1ae2c1d8-f4f8-448a-a77c-d5e8b5009360","DEJU_015.basePlot.bgc","D19","DEJU","DEJU_015","2018-06-20T00:49Z","2018-06-20T00:49Z","DEJU_015-M-15.5-2.5-20180619","A00000028577","DEJU_015-M-15.5-2.5-20180619-KCL","B00000008321","ok","2018-08-02",0.048,1,"OK",,"2018-08-09",0.042,1,"OK",,"EcoCore_CSU","Salicylate/nitroferricyanide (EPA 353.2)","OI Analytical 3700 Automated Chemistry Analyzer","Wy/3diD3cK1DOxVNruNwvg==","RHMxnCcsszGVJJM0CIC3lw==","Cd reduction/sulfanilamide (DIN 38406)","OI Analytical 3700 Automated Chemistry Analyzer","Wy/3diD3cK1DOxVNruNwvg==","RHMxnCcsszGVJJM0CIC3lw==",
"943393e3-3ab1-4a08-a344-93a044a0f188","DEJU_015.basePlot.bgc","D19","DEJU","DEJU_015","2018-06-20T01:22Z","2018-06-20T01:22Z","DEJU_015-O-37-30-20180619","A00000028576","DEJU_015-O-37-30-20180619-KCL","B00000008318","ok","2018-08-02",0.185,1,"OK",,"2018-08-04",0.036,1,"OK",,"EcoCore_CSU","Salicylate/nitroferricyanide (EPA 353.2)","OI Analytical 3700 Automated Chemistry Analyzer","Wy/3diD3cK1DOxVNruNwvg==","RHMxnCcsszGVJJM0CIC3lw==","Cd reduction/sulfanilamide (DIN 38406)","OI Analytical 3700 Automated Chemistry Analyzer","Wy/3diD3cK1DOxVNruNwvg==","RHMxnCcsszGVJJM0CIC3lw==",
"bf627d8a-d323-4d01-83cc-c9ed65a0227a","DEJU_015.basePlot.bgc","D19","DEJU","DEJU_015","2018-06-20T01:26Z","2018-06-20T01:26Z","DEJU_015-M-37-30-20180619","A00000028575","DEJU_015-M-37-30-20180619-KCL","B00000008309","ok","2018-08-02",0.057,1,"OK",,"2018-08-09",0.046,1,"OK",,"EcoCore_CSU","Salicylate/nitroferricyanide (EPA 353.2)","OI Analytical 3700 Automated Chemistry Analyzer","Wy/3diD3cK1DOxVNruNwvg==","RHMxnCcsszGVJJM0CIC3lw==","Cd reduction/sulfanilamide (DIN 38406)","OI Analytical 3700 Automated Chemistry Analyzer","Wy/3diD3cK1DOxVNruNwvg==","RHMxnCcsszGVJJM0CIC3lw==",
"2b7dc9aa-5e4e-4187-b0a6-88b4c40d43f7","DEJU","D19","DEJU",,"2018-06-20T20:00Z","2018-06-20T20:00Z",,,"DEJU-20180620-BREF1-C","B00000008325","ok","2018-08-07",0.051,1,"OK",,"2018-08-08",0.010,1,"OK",,"EcoCore_CSU","Salicylate/nitroferricyanide (EPA 353.2)","OI Analytical 3700 Automated Chemistry Analyzer","Wy/3diD3cK1DOxVNruNwvg==","RHMxnCcsszGVJJM0CIC3lw==","Cd reduction/sulfanilamide (DIN 38406)","OI Analytical 3700 Automated Chemistry Analyzer","Wy/3diD3cK1DOxVNruNwvg==","RHMxnCcsszGVJJM0CIC3lw==",
"ddd36c3b-6e26-44d3-9a17-e2f3ac422c75","DEJU","D19","DEJU",,"2018-06-20T20:00Z","2018-06-20T20:00Z",,,"DEJU-20180620-BREF1-B","B00000008326","ok","2018-08-02",0.035,1,"OK",,"2018-08-04",0.029,1,"OK",,"EcoCore_CSU","Salicylate/nitroferricyanide (EPA 353.2)","OI Analytical 3700 Automated Chemistry Analyzer","Wy/3diD3cK1DOxVNruNwvg==","RHMxnCcsszGVJJM0CIC3lw==","Cd reduction/sulfanilamide (DIN 38406)","OI Analytical 3700 Automated Chemistry Analyzer","Wy/3diD3cK1DOxVNruNwvg==","RHMxnCcsszGVJJM0CIC3lw==",
"9eadbfa8-bec4-4278-a8e2-d6d278478fc1","DEJU_048.basePlot.bgc","D19","DEJU","DEJU_048","2018-06-21T18:58Z","2018-06-21T18:58Z","DEJU_048-O-36.5-25.5-20180621","A00000028617","DEJU_048-O-36.5-25.5-20180621-KCL","B00000008378","ok","2018-08-07",0.146,1,"OK",,"2018-08-08",0.013,1,"OK",,"EcoCore_CSU","Salicylate/nitroferricyanide (EPA 353.2)","OI Analytical 3700 Automated Chemistry Analyzer","Wy/3diD3cK1DOxVNruNwvg==","RHMxnCcsszGVJJM0CIC3lw==","Cd reduction/sulfanilamide (DIN 38406)","OI Analytical 3700 Automated Chemistry Analyzer","Wy/3diD3cK1DOxVNruNwvg==","RHMxnCcsszGVJJM0CIC3lw==",
"f4a7f4ad-fa23-41ec-8570-e000c9128c3d","DEJU_047.basePlot.bgc","D19","DEJU","DEJU_047","2018-06-21T19:04Z","2018-06-21T19:04Z","DEJU_047-O-2.5-32.5-20180621","A00000028600","DEJU_047-O-2.5-32.5-20180621-KCL","B00000008390","ok","2018-08-07",0.038,1,"OK",,"2018-08-08",0.006,1,"OK",,"EcoCore_CSU","Salicylate/nitroferricyanide (EPA 353.2)","OI Analytical 3700 Automated Chemistry Analyzer","Wy/3diD3cK1DOxVNruNwvg==","RHMxnCcsszGVJJM0CIC3lw==","Cd reduction/sulfanilamide (DIN 38406)","OI Analytical 3700 Automated Chemistry Analyzer","Wy/3diD3cK1DOxVNruNwvg==","RHMxnCcsszGVJJM0CIC3lw==",
"90c85a9f-7697-4984-b360-141fbd9d4558","DEJU_047.basePlot.bgc","D19","DEJU","DEJU_047","2018-06-21T19:20Z","2018-06-21T19:20Z","DEJU_047-M-2.5-32.5-20180621","A00000028599","DEJU_047-M-2.5-32.5-20180621-KCL","B00000008393","ok","2018-08-02",0.070,1,"OK",,"2018-08-04",0.037,1,"OK",,"EcoCore_CSU","Salicylate/nitroferricyanide (EPA 353.2)","OI Analytical 3700 Automated Chemistry Analyzer","Wy/3diD3cK1DOxVNruNwvg==","RHMxnCcsszGVJJM0CIC3lw==","Cd reduction/sulfanilamide (DIN 38406)","OI Analytical 3700 Automated Chemistry Analyzer","Wy/3diD3cK1DOxVNruNwvg==","RHMxnCcsszGVJJM0CIC3lw==",
"ffc5feda-a8fe-4888-88dc-1fd94c504e4a","DEJU_048.basePlot.bgc","D19","DEJU","DEJU_048","2018-06-21T19:27Z","2018-06-21T19:27Z","DEJU_048-M-36.5-25.5-20180621","A00000028618","DEJU_048-M-36.5-25.5-20180621-KCL","B00000008382","ok","2018-08-07",0.025,1,"OK",,"2018-08-08",0.019,1,"OK",,"EcoCore_CSU","Salicylate/nitroferricyanide (EPA 353.2)","OI Analytical 3700 Automated Chemistry Analyzer","Wy/3diD3cK1DOxVNruNwvg==","RHMxnCcsszGVJJM0CIC3lw==","Cd reduction/sulfanilamide (DIN 38406)","OI Analytical 3700 Automated Chemistry Analyzer","Wy/3diD3cK1DOxVNruNwvg==","RHMxnCcsszGVJJM0CIC3lw==",
"f1701478-9bfa-4735-a886-b2ac9aa8b833","DEJU_047.basePlot.bgc","D19","DEJU","DEJU_047","2018-06-21T19:45Z","2018-06-21T19:45Z","DEJU_047-O-32-18.5-20180621","A00000028598","DEJU_047-O-32-18.5-20180621-KCL","B00000008391","ok","2018-08-02",0.136,1,"OK",,"2018-08-04",0.040,1,"OK",,"EcoCore_CSU","Salicylate/nitroferricyanide (EPA 353.2)","OI Analytical 3700 Automated Chemistry Analyzer","Wy/3diD3cK1DOxVNruNwvg==","RHMxnCcsszGVJJM0CIC3lw==","Cd reduction/sulfanilamide (DIN 38406)","OI Analytical 3700 Automated Chemistry Analyzer","Wy/3diD3cK1DOxVNruNwvg==","RHMxnCcsszGVJJM0CIC3lw==",
"40822ce1-aea2-48c7-9721-0edb1e038288","DEJU_048.basePlot.bgc","D19","DEJU","DEJU_048","2018-06-21T20:15Z","2018-06-21T20:15Z","DEJU_048-O-20.5-7.5-20180621","A00000028619","DEJU_048-O-20.5-7.5-20180621-KCL","B00000008381","ok","2018-08-07",0.047,1,"OK",,"2018-08-08",0.082,1,"OK",,"EcoCore_CSU","Salicylate/nitroferricyanide (EPA 353.2)","OI Analytical 3700 Automated Chemistry Analyzer","Wy/3diD3cK1DOxVNruNwvg==","RHMxnCcsszGVJJM0CIC3lw==","Cd reduction/sulfanilamide (DIN 38406)","OI Analytical 3700 Automated Chemistry Analyzer","Wy/3diD3cK1DOxVNruNwvg==","RHMxnCcsszGVJJM0CIC3lw==",
"d44c1525-96ac-4061-be3e-ac485c519775","DEJU_047.basePlot.bgc","D19","DEJU","DEJU_047","2018-06-21T20:25Z","2018-06-21T20:25Z","DEJU_047-O-39-21.5-20180621","A00000028601","DEJU_047-O-39-21.5-20180621-KCL","B00000008392","ok","2018-08-07",0.031,1,"OK",,"2018-08-08",0.143,1,"OK",,"EcoCore_CSU","Salicylate/nitroferricyanide (EPA 353.2)","OI Analytical 3700 Automated Chemistry Analyzer","Wy/3diD3cK1DOxVNruNwvg==","RHMxnCcsszGVJJM0CIC3lw==","Cd reduction/sulfanilamide (DIN 38406)","OI Analytical 3700 Automated Chemistry Analyzer","Wy/3diD3cK1DOxVNruNwvg==","RHMxnCcsszGVJJM0CIC3lw==",
"a7ef87b6-685f-418d-b7fe-0bc566d7574a","DEJU_048.basePlot.bgc","D19","DEJU","DEJU_048","2018-06-21T20:33Z","2018-06-21T20:33Z","DEJU_048-M-20.5-7.5-20180621","A00000028620","DEJU_048-M-20.5-7.5-20180621-KCL","B00000008380","ok","2018-08-07",0.005,1,"OK",,"2018-08-08",0.024,1,"OK",,"EcoCore_CSU","Salicylate/nitroferricyanide (EPA 353.2)","OI Analytical 3700 Automated Chemistry Analyzer","Wy/3diD3cK1DOxVNruNwvg==","RHMxnCcsszGVJJM0CIC3lw==","Cd reduction/sulfanilamide (DIN 38406)","OI Analytical 3700 Automated Chemistry Analyzer","Wy/3diD3cK1DOxVNruNwvg==","RHMxnCcsszGVJJM0CIC3lw==",
"4411b6b8-1eae-437c-813a-1c92d34453f5","DEJU_047.basePlot.bgc","D19","DEJU","DEJU_047","2018-06-21T20:34Z","2018-06-21T20:34Z","DEJU_047-M-39-21.5-20180621","A00000028602","DEJU_047-M-39-21.5-20180621-KCL","B00000008395","ok","2018-08-07",0.055,1,"OK",,"2018-08-08",0.018,1,"OK",,"EcoCore_CSU","Salicylate/nitroferricyanide (EPA 353.2)","OI Analytical 3700 Automated Chemistry Analyzer","Wy/3diD3cK1DOxVNruNwvg==","RHMxnCcsszGVJJM0CIC3lw==","Cd reduction/sulfanilamide (DIN 38406)","OI Analytical 3700 Automated Chemistry Analyzer","Wy/3diD3cK1DOxVNruNwvg==","RHMxnCcsszGVJJM0CIC3lw==",
"bea685c7-4247-4a87-8577-b8d242edf41a","DEJU_048.basePlot.bgc","D19","DEJU","DEJU_048","2018-06-21T20:49Z","2018-06-21T20:49Z","DEJU_048-O-16.5-8-20180621","A00000028587","DEJU_048-O-16.5-8-20180621-KCL","B00000008379","ok","2018-08-07",0.054,1,"OK",,"2018-08-08",0.019,1,"OK",,"EcoCore_CSU","Salicylate/nitroferricyanide (EPA 353.2)","OI Analytical 3700 Automated Chemistry Analyzer","Wy/3diD3cK1DOxVNruNwvg==","RHMxnCcsszGVJJM0CIC3lw==","Cd reduction/sulfanilamide (DIN 38406)","OI Analytical 3700 Automated Chemistry Analyzer","Wy/3diD3cK1DOxVNruNwvg==","RHMxnCcsszGVJJM0CIC3lw==",
"3a9bb873-0fa7-4d90-9677-0c4b974274b8","DEJU_048.basePlot.bgc","D19","DEJU","DEJU_048","2018-06-21T21:01Z","2018-06-21T21:01Z","DEJU_048-M-16.5-8-20180621","A00000028603","DEJU_048-M-16.5-8-20180621-KCL","B00000008383","ok","2018-08-07",0.099,1,"OK",,"2018-08-08",0.011,1,"OK",,"EcoCore_CSU","Salicylate/nitroferricyanide (EPA 353.2)","OI Analytical 3700 Automated Chemistry Analyzer","Wy/3diD3cK1DOxVNruNwvg==","RHMxnCcsszGVJJM0CIC3lw==","Cd reduction/sulfanilamide (DIN 38406)","OI Analytical 3700 Automated Chemistry Analyzer","Wy/3diD3cK1DOxVNruNwvg==","RHMxnCcsszGVJJM0CIC3lw==",
"731aea94-5374-4d68-8d12-af4dfa41f174","DEJU_045.basePlot.bgc","D19","DEJU","DEJU_045","2018-06-21T21:02Z","2018-06-21T21:02Z","DEJU_045-O-33.5-0-20180621","A00000028588","DEJU_045-O-33.5-0-20180621-KCL","B00000008384","ok","2018-08-02",0.071,1,"OK",,"2018-08-04",0.030,1,"OK",,"EcoCore_CSU","Salicylate/nitroferricyanide (EPA 353.2)","OI Analytical 3700 Automated Chemistry Analyzer","Wy/3diD3cK1DOxVNruNwvg==","RHMxnCcsszGVJJM0CIC3lw==","Cd reduction/sulfanilamide (DIN 38406)","OI Analytical 3700 Automated Chemistry Analyzer","Wy/3diD3cK1DOxVNruNwvg==","RHMxnCcsszGVJJM0CIC3lw==",
"2732126a-3cab-4131-95af-9e69f8a2d1ac","DEJU_045.basePlot.bgc","D19","DEJU","DEJU_045","2018-06-21T21:14Z","2018-06-21T21:14Z","DEJU_045-M-33.5-0-20180621","A00000028589","DEJU_045-M-33.5-0-20180621-KCL","B00000008387","ok","2018-08-02",0.048,1,"OK",,"2018-08-04",0.047,1,"OK",,"EcoCore_CSU","Salicylate/nitroferricyanide (EPA 353.2)","OI Analytical 3700 Automated Chemistry Analyzer","Wy/3diD3cK1DOxVNruNwvg==","RHMxnCcsszGVJJM0CIC3lw==","Cd reduction/sulfanilamide (DIN 38406)","OI Analytical 3700 Automated Chemistry Analyzer","Wy/3diD3cK1DOxVNruNwvg==","RHMxnCcsszGVJJM0CIC3lw==",
"869bb4ee-818e-49c8-b85e-587963866d6c","DEJU_045.basePlot.bgc","D19","DEJU","DEJU_045","2018-06-21T21:35Z","2018-06-21T21:35Z","DEJU_045-O-37.5-28-20180621","A00000028590","DEJU_045-O-37.5-28-20180621-KCL","B00000008385","ok","2018-08-02",0.052,1,"OK",,"2018-08-04",0.037,1,"OK",,"EcoCore_CSU","Salicylate/nitroferricyanide (EPA 353.2)","OI Analytical 3700 Automated Chemistry Analyzer","Wy/3diD3cK1DOxVNruNwvg==","RHMxnCcsszGVJJM0CIC3lw==","Cd reduction/sulfanilamide (DIN 38406)","OI Analytical 3700 Automated Chemistry Analyzer","Wy/3diD3cK1DOxVNruNwvg==","RHMxnCcsszGVJJM0CIC3lw==",
"e766908b-7250-45ef-b67f-baf81dc3154c","DEJU_045.basePlot.bgc","D19","DEJU","DEJU_045","2018-06-21T21:49Z","2018-06-21T21:49Z","DEJU_045-M-37.5-28-20180621","A00000028570","DEJU_045-M-37.5-28-20180621-KCL","B00000008388","ok","2018-08-02",0.032,1,"OK",,"2018-08-04",0.196,1,"OK",,"EcoCore_CSU","Salicylate/nitroferricyanide (EPA 353.2)","OI Analytical 3700 Automated Chemistry Analyzer","Wy/3diD3cK1DOxVNruNwvg==","RHMxnCcsszGVJJM0CIC3lw==","Cd reduction/sulfanilamide (DIN 38406)","OI Analytical 3700 Automated Chemistry Analyzer","Wy/3diD3cK1DOxVNruNwvg==","RHMxnCcsszGVJJM0CIC3lw==",
"19594adc-b7f9-49f2-8c8b-61fc29290aa9","DEJU_045.basePlot.bgc","D19","DEJU","DEJU_045","2018-06-21T22:21Z","2018-06-21T22:21Z","DEJU_045-O-7.5-30-20180621","A00000028571","DEJU_045-O-7.5-30-20180621-KCL","B00000008386","ok","2018-08-02",0.073,1,"OK",,"2018-08-09",0.035,1,"OK",,"EcoCore_CSU","Salicylate/nitroferricyanide (EPA 353.2)","OI Analytical 3700 Automated Chemistry Analyzer","Wy/3diD3cK1DOxVNruNwvg==","RHMxnCcsszGVJJM0CIC3lw==","Cd reduction/sulfanilamide (DIN 38406)","OI Analytical 3700 Automated Chemistry Analyzer","Wy/3diD3cK1DOxVNruNwvg==","RHMxnCcsszGVJJM0CIC3lw==",
"9e4b5fec-c9bd-437c-9afd-2401205fdca3","DEJU_046.basePlot.bgc","D19","DEJU","DEJU_046","2018-06-21T23:08Z","2018-06-21T23:08Z","DEJU_046-O-32.5-5-20180621","A00000028593","DEJU_046-O-32.5-5-20180621-KCL","B00000008373","ok","2018-08-02",0.053,1,"OK",,"2018-08-04",0.034,1,"OK",,"EcoCore_CSU","Salicylate/nitroferricyanide (EPA 353.2)","OI Analytical 3700 Automated Chemistry Analyzer","Wy/3diD3cK1DOxVNruNwvg==","RHMxnCcsszGVJJM0CIC3lw==","Cd reduction/sulfanilamide (DIN 38406)","OI Analytical 3700 Automated Chemistry Analyzer","Wy/3diD3cK1DOxVNruNwvg==","RHMxnCcsszGVJJM0CIC3lw==",
"0fcba5f8-7095-4bdc-9e3e-accb5531bff7","DEJU_046.basePlot.bgc","D19","DEJU","DEJU_046","2018-06-21T23:16Z","2018-06-21T23:16Z","DEJU_046-M-32.5-5-20180621","A00000028594","DEJU_046-M-32.5-5-20180621-KCL","B00000008376","ok","2018-08-07",0.041,1,"OK",,"2018-08-08",0.009,1,"OK",,"EcoCore_CSU","Salicylate/nitroferricyanide (EPA 353.2)","OI Analytical 3700 Automated Chemistry Analyzer","Wy/3diD3cK1DOxVNruNwvg==","RHMxnCcsszGVJJM0CIC3lw==","Cd reduction/sulfanilamide (DIN 38406)","OI Analytical 3700 Automated Chemistry Analyzer","Wy/3diD3cK1DOxVNruNwvg==","RHMxnCcsszGVJJM0CIC3lw==",
"4384030c-a6c5-4cde-bbd4-44ac314b257b","DEJU_046.basePlot.bgc","D19","DEJU","DEJU_046","2018-06-21T23:20Z","2018-06-21T23:20Z","DEJU_046-O-15-0-20180621","A00000028591","DEJU_046-O-15-0-20180621-KCL","B00000008374","ok","2018-08-02",0.080,1,"OK",,"2018-08-04",0.049,1,"OK",,"EcoCore_CSU","Salicylate/nitroferricyanide (EPA 353.2)","OI Analytical 3700 Automated Chemistry Analyzer","Wy/3diD3cK1DOxVNruNwvg==","RHMxnCcsszGVJJM0CIC3lw==","Cd reduction/sulfanilamide (DIN 38406)","OI Analytical 3700 Automated Chemistry Analyzer","Wy/3diD3cK1DOxVNruNwvg==","RHMxnCcsszGVJJM0CIC3lw==",
"7b2b8498-b02c-4912-8f17-1402a70c800c","DEJU_046.basePlot.bgc","D19","DEJU","DEJU_046","2018-06-21T23:41Z","2018-06-21T23:41Z","DEJU_046-O-2.5-20.5-20180621","A00000028596","DEJU_046-O-2.5-20.5-20180621-KCL","B00000008372","ok","2018-08-07",0.022,1,"OK",,"2018-08-08",0.008,1,"OK",,"EcoCore_CSU","Salicylate/nitroferricyanide (EPA 353.2)","OI Analytical 3700 Automated Chemistry Analyzer","Wy/3diD3cK1DOxVNruNwvg==","RHMxnCcsszGVJJM0CIC3lw==","Cd reduction/sulfanilamide (DIN 38406)","OI Analytical 3700 Automated Chemistry Analyzer","Wy/3diD3cK1DOxVNruNwvg==","RHMxnCcsszGVJJM0CIC3lw==",
"b8da411e-0483-4c07-8480-9b84f96f3517","DEJU_046.basePlot.bgc","D19","DEJU","DEJU_046","2018-06-21T23:54Z","2018-06-21T23:54Z","DEJU_046-M-2.5-20.5-20180621","A00000028595","DEJU_046-M-2.5-20.5-20180621-KCL","B00000008375","ok","2018-08-07",0.099,1,"OK",,"2018-08-08",0.143,1,"OK",,"EcoCore_CSU","Salicylate/nitroferricyanide (EPA 353.2)","OI Analytical 3700 Automated Chemistry Analyzer","Wy/3diD3cK1DOxVNruNwvg==","RHMxnCcsszGVJJM0CIC3lw==","Cd reduction/sulfanilamide (DIN 38406)","OI Analytical 3700 Automated Chemistry Analyzer","Wy/3diD3cK1DOxVNruNwvg==","RHMxnCcsszGVJJM0CIC3lw==",
"7b3748e4-f49a-4bb4-b2e3-7e2f015aadd3","DEJU","D19","DEJU",,"2018-06-22T20:00Z","2018-06-22T20:00Z",,,"DEJU-20180622-BREF1-C","B00000008398","ok","2018-08-07",,1,"blank value outlier","value removed","2018-08-08",0.022,1,"OK",,"EcoCore_CSU","Salicylate/nitroferricyanide (EPA 353.2)","OI Analytical 3700 Automated Chemistry Analyzer","Wy/3diD3cK1DOxVNruNwvg==","RHMxnCcsszGVJJM0CIC3lw==","Cd reduction/sulfanilamide (DIN 38406)","OI Analytical 3700 Automated Chemistry Analyzer","Wy/3diD3cK1DOxVNruNwvg==","RHMxnCcsszGVJJM0CIC3lw==",
"630d1a4c-71a5-4b8e-9130-6f4462600157","DEJU","D19","DEJU",,"2018-06-22T20:00Z","2018-06-22T20:00Z",,,"DEJU-20180622-BREF1-B","B00000008397","ok","2018-08-07",0.036,1,"OK",,"2018-08-08",0.022,1,"OK",,"EcoCore_CSU","Salicylate/nitroferricyanide (EPA 353.2)","OI Analytical 3700 Automated Chemistry Analyzer","Wy/3diD3cK1DOxVNruNwvg==","RHMxnCcsszGVJJM0CIC3lw==","Cd reduction/sulfanilamide (DIN 38406)","OI Analytical 3700 Automated Chemistry Analyzer","Wy/3diD3cK1DOxVNruNwvg==","RHMxnCcsszGVJJM0CIC3lw==",
"b6fb83a4-1dfc-46dd-899b-8d3b0bc5c2df","DEJU","D19","DEJU",,"2018-06-22T20:00Z","2018-06-22T20:00Z",,,"DEJU-20180622-BREF1-A","B00000008396","ok","2018-08-02",0.012,1,"OK",,"2018-08-04",0.033,1,"OK",,"EcoCore_CSU","Salicylate/nitroferricyanide (EPA 353.2)","OI Analytical 3700 Automated Chemistry Analyzer","Wy/3diD3cK1DOxVNruNwvg==","RHMxnCcsszGVJJM0CIC3lw==","Cd reduction/sulfanilamide (DIN 38406)","OI Analytical 3700 Automated Chemistry Analyzer","Wy/3diD3cK1DOxVNruNwvg==","RHMxnCcsszGVJJM0CIC3lw==",
